Part_ID,Group,School,Grade,Age,Use,Use_School,Exposure_Score,Exposure_Group,Exposure_Binary,DELE,BESA_Other,BESA_Subj,AoA_ENG,AoA_SPA,Langs,Age_Arrival,Task,Item,Verb,Short_Prop,Property,Structure,Mood_Use,Mood_Freq,DOM_Use,Agr_Use,Comp_Use,Prod_Code,Davies,CORPES,WordList,Davies_Centered,Davies_Centered_Std,Davies_Std,CORPES_Std,LOR,Composite_Freq,Use_Std,Use_Joint,Use_Joint_Std,BESA_Other_Std,BESA_Subj_Std,BESA_Total,BESA_Total_Std,DELE_Std,Exposure_Score_Std
SDB01,SDB,NA,NA,30,17,4,2,SDB,SDB,49,11,4,8,0,2,21,EPT,EPT-02,llamar,Intensional,Intensional subjunctive,Subjunctive,NA,NA,NA,NA,NA,IND,303936,207733,8248273,79960.88,0.711993649,0.2762036834377887,0.8786135231177882,9,0.5774086032777884,0.3089995658781972,21,0.17382888865721546,-0.5976967982304812,0.2423922400843711,15,-0.5808945707545566,NA,0.2423922400843726
SDB01,SDB,NA,NA,30,17,4,2,SDB,SDB,49,11,4,8,0,2,21,EPT,EPT-08,peinar,Intensional,Intensional subjunctive,Subjunctive,1,1,1,1,NA,SUBJ,6151,3173,91504,-124599.1,-1.109464919,-0.9850513816679946,-1.0663165084273158,9,-1.0256839450476551,0.3089995658781972,21,0.17382888865721546,-0.5976967982304812,0.2423922400843711,15,-0.5808945707545566,NA,0.2423922400843726
SDB01,SDB,NA,NA,30,17,4,2,SDB,SDB,49,11,4,8,0,2,21,EPT,EPT-10,nadar,Polarity,Polarity subjunctive,Subjunctive,1,1,NA,1,NA,IND,27224,5128,182321,NA,NA,-0.8957976315228422,-1.0477286211977954,9,-0.9717631263603188,0.3089995658781972,21,0.17382888865721546,-0.5976967982304812,0.2423922400843711,15,-0.5808945707545566,NA,0.2423922400843726
SDB01,SDB,NA,NA,30,17,4,2,SDB,SDB,49,11,4,8,0,2,21,EPT,EPT-14,pintar,Intensional,Intensional subjunctive,Subjunctive,1,1,1,1,NA,IND,45606,22466,893704,-105306.1,-0.937674734,-0.8179414916676632,-0.8828811589034613,9,-0.8504113252855623,0.3089995658781972,21,0.17382888865721546,-0.5976967982304812,0.2423922400843711,15,-0.5808945707545566,NA,0.2423922400843726
SDB01,SDB,NA,NA,30,17,4,2,SDB,SDB,49,11,4,8,0,2,21,EPT,EPT-20,tratar,Intensional,Intensional subjunctive,Subjunctive,1,1,1,1,NA,SUBJ,590952,203027,9516595,75254.88,0.670090129,1.4918471301070348,0.8338694835770605,9,1.1628583068420477,0.3089995658781972,21,0.17382888865721546,-0.5976967982304812,0.2423922400843711,15,-0.5808945707545566,NA,0.2423922400843726
SDB01,SDB,NA,NA,30,17,4,2,SDB,SDB,49,11,4,8,0,2,21,EPT,EPT-22,hablar,Polarity,Polarity subjunctive,Subjunctive,1,1,NA,1,NA,IND,464270,255835,8432028,NA,NA,0.9552911781358784,1.3359611198003392,9,1.1456261489681088,0.3089995658781972,21,0.17382888865721546,-0.5976967982304812,0.2423922400843711,15,-0.5808945707545566,NA,0.2423922400843726
SDB01,SDB,NA,NA,30,17,4,2,SDB,SDB,49,11,4,8,0,2,21,EPT,EPT-26,mirar,Intensional,Intensional subjunctive,Subjunctive,1,1,1,1,NA,IND,186441,197558,3683993,69785.88,0.621392647,-0.22144114042709367,0.7818709386879318,9,0.2802148991304191,0.3089995658781972,21,0.17382888865721546,-0.5976967982304812,0.2423922400843711,15,-0.5808945707545566,NA,0.2423922400843726
SDB01,SDB,NA,NA,30,17,4,2,SDB,SDB,49,11,4,8,0,2,21,EPT,EPT-32,llevar,Intensional,Intensional subjunctive,Subjunctive,1,1,1,1,NA,SUBJ,418316,301022,13841181,173259.9,1.542753636,0.7606550639532595,1.765593273375958,9,1.2631241686646089,0.3089995658781972,21,0.17382888865721546,-0.5976967982304812,0.2423922400843711,15,-0.5808945707545566,NA,0.2423922400843726
SDB01,SDB,NA,NA,30,17,4,2,SDB,SDB,49,11,4,8,0,2,21,EPT,EPT-34,bajar,Polarity,Polarity subjunctive,Subjunctive,1,1,NA,1,NA,IND,284649,62583,1981927,NA,NA,0.19451445650998764,-0.5014539098054219,9,-0.15346972664771713,0.3089995658781972,21,0.17382888865721546,-0.5976967982304812,0.2423922400843711,15,-0.5808945707545566,NA,0.2423922400843726
SDB01,SDB,NA,NA,30,17,4,2,SDB,SDB,49,11,4,8,0,2,21,EPT,EPT-38,amar,Intensional,Intensional subjunctive,Subjunctive,1,1,1,1,NA,IND,60260,28864,1318934,-67512.13,-0.601146551,-0.7558751292784892,-0.8220498021287957,9,-0.7889624657036425,0.3089995658781972,21,0.17382888865721546,-0.5976967982304812,0.2423922400843711,15,-0.5808945707545566,NA,0.2423922400843726
SDB01,SDB,NA,NA,30,17,4,2,SDB,SDB,49,11,4,8,0,2,21,EPT,EPT-42,cuidar,Intensional,Intensional subjunctive,Subjunctive,1,1,NA,1,NA,SUBJ,208160,26928,1534607,-100844.1,-0.897943857,-0.12945128613949522,-0.8404570398149089,9,-0.48495416297720206,0.3089995658781972,21,0.17382888865721546,-0.5976967982304812,0.2423922400843711,15,-0.5808945707545566,NA,0.2423922400843726
SDB01,SDB,NA,NA,30,17,4,2,SDB,SDB,49,11,4,8,0,2,21,EPT,EPT-44,entrar,Polarity,Polarity subjunctive,Subjunctive,1,1,NA,1,NA,NA,207551,129316,4429528,NA,NA,-0.13203067843477342,0.1330348259938518,9,5.020737795391889e-4,0.3089995658781972,21,0.17382888865721546,-0.5976967982304812,0.2423922400843711,15,-0.5808945707545566,NA,0.2423922400843726
SDB02,SDB,NA,NA,26,19,3,2,SDB,SDB,47,13,4,18,0,2,22,EPT,EPT-02,llamar,Intensional,Intensional subjunctive,Subjunctive,1,1,1,1,NA,SUBJ,303936,207733,8248273,79960.88,0.711993649,0.2762036834377887,0.8786135231177882,4,0.5774086032777884,0.6566240774911696,22,0.33850888843773735,0.42692628445034575,0.2423922400843711,17,0.46471565660364567,NA,0.2423922400843726
SDB02,SDB,NA,NA,26,19,3,2,SDB,SDB,47,13,4,18,0,2,22,EPT,EPT-08,peinar,Intensional,Intensional subjunctive,Subjunctive,1,1,1,1,NA,SUBJ,6151,3173,91504,-124599.1,-1.109464919,-0.9850513816679946,-1.0663165084273158,4,-1.0256839450476551,0.6566240774911696,22,0.33850888843773735,0.42692628445034575,0.2423922400843711,17,0.46471565660364567,NA,0.2423922400843726
SDB02,SDB,NA,NA,26,19,3,2,SDB,SDB,47,13,4,18,0,2,22,EPT,EPT-10,nadar,Polarity,Polarity subjunctive,Subjunctive,0,0,NA,1,NA,IND,27224,5128,182321,NA,NA,-0.8957976315228422,-1.0477286211977954,4,-0.9717631263603188,0.6566240774911696,22,0.33850888843773735,0.42692628445034575,0.2423922400843711,17,0.46471565660364567,NA,0.2423922400843726
SDB02,SDB,NA,NA,26,19,3,2,SDB,SDB,47,13,4,18,0,2,22,EPT,EPT-14,pintar,Intensional,Intensional subjunctive,Subjunctive,1,1,1,1,NA,SUBJ,45606,22466,893704,-105306.1,-0.937674734,-0.8179414916676632,-0.8828811589034613,4,-0.8504113252855623,0.6566240774911696,22,0.33850888843773735,0.42692628445034575,0.2423922400843711,17,0.46471565660364567,NA,0.2423922400843726
SDB02,SDB,NA,NA,26,19,3,2,SDB,SDB,47,13,4,18,0,2,22,EPT,EPT-20,tratar,Intensional,Intensional subjunctive,Subjunctive,1,1,1,1,NA,SUBJ,590952,203027,9516595,75254.88,0.670090129,1.4918471301070348,0.8338694835770605,4,1.1628583068420477,0.6566240774911696,22,0.33850888843773735,0.42692628445034575,0.2423922400843711,17,0.46471565660364567,NA,0.2423922400843726
SDB02,SDB,NA,NA,26,19,3,2,SDB,SDB,47,13,4,18,0,2,22,EPT,EPT-22,hablar,Polarity,Polarity subjunctive,Subjunctive,0,0,NA,1,NA,IND,464270,255835,8432028,NA,NA,0.9552911781358784,1.3359611198003392,4,1.1456261489681088,0.6566240774911696,22,0.33850888843773735,0.42692628445034575,0.2423922400843711,17,0.46471565660364567,NA,0.2423922400843726
SDB02,SDB,NA,NA,26,19,3,2,SDB,SDB,47,13,4,18,0,2,22,EPT,EPT-26,mirar,Intensional,Intensional subjunctive,Subjunctive,1,1,1,1,NA,SUBJ,186441,197558,3683993,69785.88,0.621392647,-0.22144114042709367,0.7818709386879318,4,0.2802148991304191,0.6566240774911696,22,0.33850888843773735,0.42692628445034575,0.2423922400843711,17,0.46471565660364567,NA,0.2423922400843726
SDB02,SDB,NA,NA,26,19,3,2,SDB,SDB,47,13,4,18,0,2,22,EPT,EPT-32,llevar,Intensional,Intensional subjunctive,Subjunctive,1,1,1,1,NA,SUBJ,418316,301022,13841181,173259.9,1.542753636,0.7606550639532595,1.765593273375958,4,1.2631241686646089,0.6566240774911696,22,0.33850888843773735,0.42692628445034575,0.2423922400843711,17,0.46471565660364567,NA,0.2423922400843726
SDB02,SDB,NA,NA,26,19,3,2,SDB,SDB,47,13,4,18,0,2,22,EPT,EPT-34,bajar,Polarity,Polarity subjunctive,Subjunctive,0,0,NA,1,NA,IND,284649,62583,1981927,NA,NA,0.19451445650998764,-0.5014539098054219,4,-0.15346972664771713,0.6566240774911696,22,0.33850888843773735,0.42692628445034575,0.2423922400843711,17,0.46471565660364567,NA,0.2423922400843726
SDB02,SDB,NA,NA,26,19,3,2,SDB,SDB,47,13,4,18,0,2,22,EPT,EPT-38,amar,Intensional,Intensional subjunctive,Subjunctive,1,1,1,1,NA,SUBJ,60260,28864,1318934,-67512.13,-0.601146551,-0.7558751292784892,-0.8220498021287957,4,-0.7889624657036425,0.6566240774911696,22,0.33850888843773735,0.42692628445034575,0.2423922400843711,17,0.46471565660364567,NA,0.2423922400843726
SDB02,SDB,NA,NA,26,19,3,2,SDB,SDB,47,13,4,18,0,2,22,EPT,EPT-42,cuidar,Intensional,Intensional subjunctive,Subjunctive,1,1,1,1,NA,SUBJ,208160,26928,1534607,-100844.1,-0.897943857,-0.12945128613949522,-0.8404570398149089,4,-0.48495416297720206,0.6566240774911696,22,0.33850888843773735,0.42692628445034575,0.2423922400843711,17,0.46471565660364567,NA,0.2423922400843726
SDB02,SDB,NA,NA,26,19,3,2,SDB,SDB,47,13,4,18,0,2,22,EPT,EPT-44,entrar,Polarity,Polarity subjunctive,Subjunctive,0,0,NA,1,NA,IND,207551,129316,4429528,NA,NA,-0.13203067843477342,0.1330348259938518,4,5.020737795391889e-4,0.6566240774911696,22,0.33850888843773735,0.42692628445034575,0.2423922400843711,17,0.46471565660364567,NA,0.2423922400843726
SDB03,SDB,NA,NA,42,5,25,2,SDB,SDB,45,10,4,6,0,3,37,EPT,EPT-02,llamar,Intensional,Intensional subjunctive,Subjunctive,1,1,1,1,NA,SUBJ,303936,207733,8248273,79960.88,0.711993649,0.2762036834377887,0.8786135231177882,5,0.5774086032777884,-1.7767475037996372,30,1.6559488866819123,-1.1100083395708946,0.2423922400843711,14,-1.1036996844336577,NA,0.2423922400843726
SDB03,SDB,NA,NA,42,5,25,2,SDB,SDB,45,10,4,6,0,3,37,EPT,EPT-08,peinar,Intensional,Intensional subjunctive,Subjunctive,1,1,1,1,NA,SUBJ,6151,3173,91504,-124599.1,-1.109464919,-0.9850513816679946,-1.0663165084273158,5,-1.0256839450476551,-1.7767475037996372,30,1.6559488866819123,-1.1100083395708946,0.2423922400843711,14,-1.1036996844336577,NA,0.2423922400843726
SDB03,SDB,NA,NA,42,5,25,2,SDB,SDB,45,10,4,6,0,3,37,EPT,EPT-10,nadar,Polarity,Polarity subjunctive,Subjunctive,0,0,NA,1,NA,IND,27224,5128,182321,NA,NA,-0.8957976315228422,-1.0477286211977954,5,-0.9717631263603188,-1.7767475037996372,30,1.6559488866819123,-1.1100083395708946,0.2423922400843711,14,-1.1036996844336577,NA,0.2423922400843726
SDB03,SDB,NA,NA,42,5,25,2,SDB,SDB,45,10,4,6,0,3,37,EPT,EPT-14,pintar,Intensional,Intensional subjunctive,Subjunctive,1,1,1,1,NA,SUBJ,45606,22466,893704,-105306.1,-0.937674734,-0.8179414916676632,-0.8828811589034613,5,-0.8504113252855623,-1.7767475037996372,30,1.6559488866819123,-1.1100083395708946,0.2423922400843711,14,-1.1036996844336577,NA,0.2423922400843726
SDB03,SDB,NA,NA,42,5,25,2,SDB,SDB,45,10,4,6,0,3,37,EPT,EPT-20,tratar,Intensional,Intensional subjunctive,Subjunctive,1,1,1,1,NA,SUBJ,590952,203027,9516595,75254.88,0.670090129,1.4918471301070348,0.8338694835770605,5,1.1628583068420477,-1.7767475037996372,30,1.6559488866819123,-1.1100083395708946,0.2423922400843711,14,-1.1036996844336577,NA,0.2423922400843726
SDB03,SDB,NA,NA,42,5,25,2,SDB,SDB,45,10,4,6,0,3,37,EPT,EPT-22,hablar,Polarity,Polarity subjunctive,Subjunctive,1,1,NA,1,NA,SUBJ,464270,255835,8432028,NA,NA,0.9552911781358784,1.3359611198003392,5,1.1456261489681088,-1.7767475037996372,30,1.6559488866819123,-1.1100083395708946,0.2423922400843711,14,-1.1036996844336577,NA,0.2423922400843726
SDB03,SDB,NA,NA,42,5,25,2,SDB,SDB,45,10,4,6,0,3,37,EPT,EPT-26,mirar,Intensional,Intensional subjunctive,Subjunctive,1,1,1,1,NA,SUBJ,186441,197558,3683993,69785.88,0.621392647,-0.22144114042709367,0.7818709386879318,5,0.2802148991304191,-1.7767475037996372,30,1.6559488866819123,-1.1100083395708946,0.2423922400843711,14,-1.1036996844336577,NA,0.2423922400843726
SDB03,SDB,NA,NA,42,5,25,2,SDB,SDB,45,10,4,6,0,3,37,EPT,EPT-32,llevar,Intensional,Intensional subjunctive,Subjunctive,1,1,1,1,NA,SUBJ,418316,301022,13841181,173259.9,1.542753636,0.7606550639532595,1.765593273375958,5,1.2631241686646089,-1.7767475037996372,30,1.6559488866819123,-1.1100083395708946,0.2423922400843711,14,-1.1036996844336577,NA,0.2423922400843726
SDB03,SDB,NA,NA,42,5,25,2,SDB,SDB,45,10,4,6,0,3,37,EPT,EPT-34,bajar,Polarity,Polarity subjunctive,Subjunctive,1,1,NA,1,NA,SUBJ,284649,62583,1981927,NA,NA,0.19451445650998764,-0.5014539098054219,5,-0.15346972664771713,-1.7767475037996372,30,1.6559488866819123,-1.1100083395708946,0.2423922400843711,14,-1.1036996844336577,NA,0.2423922400843726
SDB03,SDB,NA,NA,42,5,25,2,SDB,SDB,45,10,4,6,0,3,37,EPT,EPT-38,amar,Intensional,Intensional subjunctive,Subjunctive,1,1,1,1,NA,SUBJ,60260,28864,1318934,-67512.13,-0.601146551,-0.7558751292784892,-0.8220498021287957,5,-0.7889624657036425,-1.7767475037996372,30,1.6559488866819123,-1.1100083395708946,0.2423922400843711,14,-1.1036996844336577,NA,0.2423922400843726
SDB03,SDB,NA,NA,42,5,25,2,SDB,SDB,45,10,4,6,0,3,37,EPT,EPT-42,cuidar,Intensional,Intensional subjunctive,Subjunctive,1,1,1,1,NA,SUBJ,208160,26928,1534607,-100844.1,-0.897943857,-0.12945128613949522,-0.8404570398149089,5,-0.48495416297720206,-1.7767475037996372,30,1.6559488866819123,-1.1100083395708946,0.2423922400843711,14,-1.1036996844336577,NA,0.2423922400843726
SDB03,SDB,NA,NA,42,5,25,2,SDB,SDB,45,10,4,6,0,3,37,EPT,EPT-44,entrar,Polarity,Polarity subjunctive,Subjunctive,0,0,NA,1,NA,IND,207551,129316,4429528,NA,NA,-0.13203067843477342,0.1330348259938518,5,5.020737795391889e-4,-1.7767475037996372,30,1.6559488866819123,-1.1100083395708946,0.2423922400843711,14,-1.1036996844336577,NA,0.2423922400843726
SDB04,SDB,NA,NA,31,23,5,2,SDB,SDB,50,14,4,10,0,2,25,EPT,EPT-02,llamar,Intensional,Intensional subjunctive,Subjunctive,1,1,1,0,NA,SUBJ,303936,207733,8248273,79960.88,0.711993649,0.2762036834377887,0.8786135231177882,6,0.5774086032777884,1.3518731007171145,28,1.3265888871208686,0.9392378257907592,0.2423922400843711,18,0.9875207702827469,NA,0.2423922400843726
SDB04,SDB,NA,NA,31,23,5,2,SDB,SDB,50,14,4,10,0,2,25,EPT,EPT-08,peinar,Intensional,Intensional subjunctive,Subjunctive,1,1,1,1,NA,SUBJ,6151,3173,91504,-124599.1,-1.109464919,-0.9850513816679946,-1.0663165084273158,6,-1.0256839450476551,1.3518731007171145,28,1.3265888871208686,0.9392378257907592,0.2423922400843711,18,0.9875207702827469,NA,0.2423922400843726
SDB04,SDB,NA,NA,31,23,5,2,SDB,SDB,50,14,4,10,0,2,25,EPT,EPT-10,nadar,Polarity,Polarity subjunctive,Subjunctive,1,1,NA,1,NA,IND,27224,5128,182321,NA,NA,-0.8957976315228422,-1.0477286211977954,6,-0.9717631263603188,1.3518731007171145,28,1.3265888871208686,0.9392378257907592,0.2423922400843711,18,0.9875207702827469,NA,0.2423922400843726
SDB04,SDB,NA,NA,31,23,5,2,SDB,SDB,50,14,4,10,0,2,25,EPT,EPT-14,pintar,Intensional,Intensional subjunctive,Subjunctive,1,1,1,1,NA,SUBJ,45606,22466,893704,-105306.1,-0.937674734,-0.8179414916676632,-0.8828811589034613,6,-0.8504113252855623,1.3518731007171145,28,1.3265888871208686,0.9392378257907592,0.2423922400843711,18,0.9875207702827469,NA,0.2423922400843726
SDB04,SDB,NA,NA,31,23,5,2,SDB,SDB,50,14,4,10,0,2,25,EPT,EPT-20,tratar,Intensional,Intensional subjunctive,Subjunctive,1,1,1,1,NA,SUBJ,590952,203027,9516595,75254.88,0.670090129,1.4918471301070348,0.8338694835770605,6,1.1628583068420477,1.3518731007171145,28,1.3265888871208686,0.9392378257907592,0.2423922400843711,18,0.9875207702827469,NA,0.2423922400843726
SDB04,SDB,NA,NA,31,23,5,2,SDB,SDB,50,14,4,10,0,2,25,EPT,EPT-22,hablar,Polarity,Polarity subjunctive,Subjunctive,1,1,NA,1,NA,SUBJ,464270,255835,8432028,NA,NA,0.9552911781358784,1.3359611198003392,6,1.1456261489681088,1.3518731007171145,28,1.3265888871208686,0.9392378257907592,0.2423922400843711,18,0.9875207702827469,NA,0.2423922400843726
SDB04,SDB,NA,NA,31,23,5,2,SDB,SDB,50,14,4,10,0,2,25,EPT,EPT-26,mirar,Intensional,Intensional subjunctive,Subjunctive,1,1,1,1,NA,SUBJ,186441,197558,3683993,69785.88,0.621392647,-0.22144114042709367,0.7818709386879318,6,0.2802148991304191,1.3518731007171145,28,1.3265888871208686,0.9392378257907592,0.2423922400843711,18,0.9875207702827469,NA,0.2423922400843726
SDB04,SDB,NA,NA,31,23,5,2,SDB,SDB,50,14,4,10,0,2,25,EPT,EPT-32,llevar,Intensional,Intensional subjunctive,Subjunctive,1,1,1,0,NA,SUBJ,418316,301022,13841181,173259.9,1.542753636,0.7606550639532595,1.765593273375958,6,1.2631241686646089,1.3518731007171145,28,1.3265888871208686,0.9392378257907592,0.2423922400843711,18,0.9875207702827469,NA,0.2423922400843726
SDB04,SDB,NA,NA,31,23,5,2,SDB,SDB,50,14,4,10,0,2,25,EPT,EPT-34,bajar,Polarity,Polarity subjunctive,Subjunctive,1,1,NA,1,NA,SUBJ,284649,62583,1981927,NA,NA,0.19451445650998764,-0.5014539098054219,6,-0.15346972664771713,1.3518731007171145,28,1.3265888871208686,0.9392378257907592,0.2423922400843711,18,0.9875207702827469,NA,0.2423922400843726
SDB04,SDB,NA,NA,31,23,5,2,SDB,SDB,50,14,4,10,0,2,25,EPT,EPT-38,amar,Intensional,Intensional subjunctive,Subjunctive,1,1,1,1,NA,SUBJ,60260,28864,1318934,-67512.13,-0.601146551,-0.7558751292784892,-0.8220498021287957,6,-0.7889624657036425,1.3518731007171145,28,1.3265888871208686,0.9392378257907592,0.2423922400843711,18,0.9875207702827469,NA,0.2423922400843726
SDB04,SDB,NA,NA,31,23,5,2,SDB,SDB,50,14,4,10,0,2,25,EPT,EPT-42,cuidar,Intensional,Intensional subjunctive,Subjunctive,1,1,1,0,NA,SUBJ,208160,26928,1534607,-100844.1,-0.897943857,-0.12945128613949522,-0.8404570398149089,6,-0.48495416297720206,1.3518731007171145,28,1.3265888871208686,0.9392378257907592,0.2423922400843711,18,0.9875207702827469,NA,0.2423922400843726
SDB04,SDB,NA,NA,31,23,5,2,SDB,SDB,50,14,4,10,0,2,25,EPT,EPT-44,entrar,Polarity,Polarity subjunctive,Subjunctive,0,0,NA,1,NA,IND,207551,129316,4429528,NA,NA,-0.13203067843477342,0.1330348259938518,6,5.020737795391889e-4,1.3518731007171145,28,1.3265888871208686,0.9392378257907592,0.2423922400843711,18,0.9875207702827469,NA,0.2423922400843726
SDB05,SDB,NA,NA,42,20,4,2,SDB,SDB,50,10,4,7,0,2,NA,EPT,EPT-02,llamar,Intensional,Intensional subjunctive,Subjunctive,1,1,1,1,NA,SUBJ,303936,207733,8248273,79960.88,0.711993649,0.2762036834377887,0.8786135231177882,NA,0.5774086032777884,0.8304363332976559,24,0.6678688879987811,-1.1100083395708946,0.2423922400843711,14,-1.1036996844336577,NA,0.2423922400843726
SDB05,SDB,NA,NA,42,20,4,2,SDB,SDB,50,10,4,7,0,2,NA,EPT,EPT-08,peinar,Intensional,Intensional subjunctive,Subjunctive,1,1,1,1,NA,SUBJ,6151,3173,91504,-124599.1,-1.109464919,-0.9850513816679946,-1.0663165084273158,NA,-1.0256839450476551,0.8304363332976559,24,0.6678688879987811,-1.1100083395708946,0.2423922400843711,14,-1.1036996844336577,NA,0.2423922400843726
SDB05,SDB,NA,NA,42,20,4,2,SDB,SDB,50,10,4,7,0,2,NA,EPT,EPT-10,nadar,Polarity,Polarity subjunctive,Subjunctive,0,0,NA,1,NA,FUTURE,27224,5128,182321,NA,NA,-0.8957976315228422,-1.0477286211977954,NA,-0.9717631263603188,0.8304363332976559,24,0.6678688879987811,-1.1100083395708946,0.2423922400843711,14,-1.1036996844336577,NA,0.2423922400843726
SDB05,SDB,NA,NA,42,20,4,2,SDB,SDB,50,10,4,7,0,2,NA,EPT,EPT-14,pintar,Intensional,Intensional subjunctive,Subjunctive,NA,NA,NA,NA,NA,NA,45606,22466,893704,-105306.1,-0.937674734,-0.8179414916676632,-0.8828811589034613,NA,-0.8504113252855623,0.8304363332976559,24,0.6678688879987811,-1.1100083395708946,0.2423922400843711,14,-1.1036996844336577,NA,0.2423922400843726
SDB05,SDB,NA,NA,42,20,4,2,SDB,SDB,50,10,4,7,0,2,NA,EPT,EPT-20,tratar,Intensional,Intensional subjunctive,Subjunctive,1,1,1,1,NA,IND,590952,203027,9516595,75254.88,0.670090129,1.4918471301070348,0.8338694835770605,NA,1.1628583068420477,0.8304363332976559,24,0.6678688879987811,-1.1100083395708946,0.2423922400843711,14,-1.1036996844336577,NA,0.2423922400843726
SDB05,SDB,NA,NA,42,20,4,2,SDB,SDB,50,10,4,7,0,2,NA,EPT,EPT-22,hablar,Polarity,Polarity subjunctive,Subjunctive,1,1,NA,1,NA,FUTURE,464270,255835,8432028,NA,NA,0.9552911781358784,1.3359611198003392,NA,1.1456261489681088,0.8304363332976559,24,0.6678688879987811,-1.1100083395708946,0.2423922400843711,14,-1.1036996844336577,NA,0.2423922400843726
SDB05,SDB,NA,NA,42,20,4,2,SDB,SDB,50,10,4,7,0,2,NA,EPT,EPT-26,mirar,Intensional,Intensional subjunctive,Subjunctive,1,1,1,1,NA,SUBJ,186441,197558,3683993,69785.88,0.621392647,-0.22144114042709367,0.7818709386879318,NA,0.2802148991304191,0.8304363332976559,24,0.6678688879987811,-1.1100083395708946,0.2423922400843711,14,-1.1036996844336577,NA,0.2423922400843726
SDB05,SDB,NA,NA,42,20,4,2,SDB,SDB,50,10,4,7,0,2,NA,EPT,EPT-32,llevar,Intensional,Intensional subjunctive,Subjunctive,1,1,1,1,NA,IND,418316,301022,13841181,173259.9,1.542753636,0.7606550639532595,1.765593273375958,NA,1.2631241686646089,0.8304363332976559,24,0.6678688879987811,-1.1100083395708946,0.2423922400843711,14,-1.1036996844336577,NA,0.2423922400843726
SDB05,SDB,NA,NA,42,20,4,2,SDB,SDB,50,10,4,7,0,2,NA,EPT,EPT-34,bajar,Polarity,Polarity subjunctive,Subjunctive,1,1,NA,1,NA,FUTURE,284649,62583,1981927,NA,NA,0.19451445650998764,-0.5014539098054219,NA,-0.15346972664771713,0.8304363332976559,24,0.6678688879987811,-1.1100083395708946,0.2423922400843711,14,-1.1036996844336577,NA,0.2423922400843726
SDB05,SDB,NA,NA,42,20,4,2,SDB,SDB,50,10,4,7,0,2,NA,EPT,EPT-38,amar,Intensional,Intensional subjunctive,Subjunctive,1,1,1,1,NA,SUBJ,60260,28864,1318934,-67512.13,-0.601146551,-0.7558751292784892,-0.8220498021287957,NA,-0.7889624657036425,0.8304363332976559,24,0.6678688879987811,-1.1100083395708946,0.2423922400843711,14,-1.1036996844336577,NA,0.2423922400843726
SDB05,SDB,NA,NA,42,20,4,2,SDB,SDB,50,10,4,7,0,2,NA,EPT,EPT-42,cuidar,Intensional,Intensional subjunctive,Subjunctive,1,1,NA,1,NA,SUBJ,208160,26928,1534607,-100844.1,-0.897943857,-0.12945128613949522,-0.8404570398149089,NA,-0.48495416297720206,0.8304363332976559,24,0.6678688879987811,-1.1100083395708946,0.2423922400843711,14,-1.1036996844336577,NA,0.2423922400843726
SDB05,SDB,NA,NA,42,20,4,2,SDB,SDB,50,10,4,7,0,2,NA,EPT,EPT-44,entrar,Polarity,Polarity subjunctive,Subjunctive,NA,NA,NA,NA,NA,NA,207551,129316,4429528,NA,NA,-0.13203067843477342,0.1330348259938518,NA,5.020737795391889e-4,0.8304363332976559,24,0.6678688879987811,-1.1100083395708946,0.2423922400843711,14,-1.1036996844336577,NA,0.2423922400843726
SDB06,SDB,NA,NA,40,17,3,2,SDB,SDB,48,14,4,12,0,2,30,EPT,EPT-02,llamar,Intensional,Intensional subjunctive,Subjunctive,1,1,1,1,NA,SUBJ,303936,207733,8248273,79960.88,0.711993649,0.2762036834377887,0.8786135231177882,10,0.5774086032777884,0.3089995658781972,20,0.00914888887669358,0.9392378257907592,0.2423922400843711,18,0.9875207702827469,NA,0.2423922400843726
SDB06,SDB,NA,NA,40,17,3,2,SDB,SDB,48,14,4,12,0,2,30,EPT,EPT-08,peinar,Intensional,Intensional subjunctive,Subjunctive,1,1,1,1,NA,SUBJ,6151,3173,91504,-124599.1,-1.109464919,-0.9850513816679946,-1.0663165084273158,10,-1.0256839450476551,0.3089995658781972,20,0.00914888887669358,0.9392378257907592,0.2423922400843711,18,0.9875207702827469,NA,0.2423922400843726
SDB06,SDB,NA,NA,40,17,3,2,SDB,SDB,48,14,4,12,0,2,30,EPT,EPT-10,nadar,Polarity,Polarity subjunctive,Subjunctive,0,0,NA,1,NA,IND,27224,5128,182321,NA,NA,-0.8957976315228422,-1.0477286211977954,10,-0.9717631263603188,0.3089995658781972,20,0.00914888887669358,0.9392378257907592,0.2423922400843711,18,0.9875207702827469,NA,0.2423922400843726
SDB06,SDB,NA,NA,40,17,3,2,SDB,SDB,48,14,4,12,0,2,30,EPT,EPT-14,pintar,Intensional,Intensional subjunctive,Subjunctive,NA,NA,NA,NA,NA,NA,45606,22466,893704,-105306.1,-0.937674734,-0.8179414916676632,-0.8828811589034613,10,-0.8504113252855623,0.3089995658781972,20,0.00914888887669358,0.9392378257907592,0.2423922400843711,18,0.9875207702827469,NA,0.2423922400843726
SDB06,SDB,NA,NA,40,17,3,2,SDB,SDB,48,14,4,12,0,2,30,EPT,EPT-20,tratar,Intensional,Intensional subjunctive,Subjunctive,1,1,NA,1,NA,SUBJ,590952,203027,9516595,75254.88,0.670090129,1.4918471301070348,0.8338694835770605,10,1.1628583068420477,0.3089995658781972,20,0.00914888887669358,0.9392378257907592,0.2423922400843711,18,0.9875207702827469,NA,0.2423922400843726
SDB06,SDB,NA,NA,40,17,3,2,SDB,SDB,48,14,4,12,0,2,30,EPT,EPT-22,hablar,Polarity,Polarity subjunctive,Subjunctive,0,0,1,1,NA,IND,464270,255835,8432028,NA,NA,0.9552911781358784,1.3359611198003392,10,1.1456261489681088,0.3089995658781972,20,0.00914888887669358,0.9392378257907592,0.2423922400843711,18,0.9875207702827469,NA,0.2423922400843726
SDB06,SDB,NA,NA,40,17,3,2,SDB,SDB,48,14,4,12,0,2,30,EPT,EPT-26,mirar,Intensional,Intensional subjunctive,Subjunctive,1,1,NA,1,NA,SUBJ,186441,197558,3683993,69785.88,0.621392647,-0.22144114042709367,0.7818709386879318,10,0.2802148991304191,0.3089995658781972,20,0.00914888887669358,0.9392378257907592,0.2423922400843711,18,0.9875207702827469,NA,0.2423922400843726
SDB06,SDB,NA,NA,40,17,3,2,SDB,SDB,48,14,4,12,0,2,30,EPT,EPT-32,llevar,Intensional,Intensional subjunctive,Subjunctive,1,1,1,1,NA,SUBJ,418316,301022,13841181,173259.9,1.542753636,0.7606550639532595,1.765593273375958,10,1.2631241686646089,0.3089995658781972,20,0.00914888887669358,0.9392378257907592,0.2423922400843711,18,0.9875207702827469,NA,0.2423922400843726
SDB06,SDB,NA,NA,40,17,3,2,SDB,SDB,48,14,4,12,0,2,30,EPT,EPT-34,bajar,Polarity,Polarity subjunctive,Subjunctive,1,1,NA,1,NA,SUBJ,284649,62583,1981927,NA,NA,0.19451445650998764,-0.5014539098054219,10,-0.15346972664771713,0.3089995658781972,20,0.00914888887669358,0.9392378257907592,0.2423922400843711,18,0.9875207702827469,NA,0.2423922400843726
SDB06,SDB,NA,NA,40,17,3,2,SDB,SDB,48,14,4,12,0,2,30,EPT,EPT-38,amar,Intensional,Intensional subjunctive,Subjunctive,1,1,1,1,NA,SUBJ,60260,28864,1318934,-67512.13,-0.601146551,-0.7558751292784892,-0.8220498021287957,10,-0.7889624657036425,0.3089995658781972,20,0.00914888887669358,0.9392378257907592,0.2423922400843711,18,0.9875207702827469,NA,0.2423922400843726
SDB06,SDB,NA,NA,40,17,3,2,SDB,SDB,48,14,4,12,0,2,30,EPT,EPT-42,cuidar,Intensional,Intensional subjunctive,Subjunctive,1,1,1,1,NA,SUBJ,208160,26928,1534607,-100844.1,-0.897943857,-0.12945128613949522,-0.8404570398149089,10,-0.48495416297720206,0.3089995658781972,20,0.00914888887669358,0.9392378257907592,0.2423922400843711,18,0.9875207702827469,NA,0.2423922400843726
SDB06,SDB,NA,NA,40,17,3,2,SDB,SDB,48,14,4,12,0,2,30,EPT,EPT-44,entrar,Polarity,Polarity subjunctive,Subjunctive,NA,NA,NA,NA,NA,IND,207551,129316,4429528,NA,NA,-0.13203067843477342,0.1330348259938518,10,5.020737795391889e-4,0.3089995658781972,20,0.00914888887669358,0.9392378257907592,0.2423922400843711,18,0.9875207702827469,NA,0.2423922400843726
SDB07,SDB,NA,NA,24,19,4,2,SDB,SDB,45,11,4,15,0,2,15,EPT,EPT-02,llamar,Intensional,Intensional subjunctive,Subjunctive,1,1,1,1,NA,SUBJ,303936,207733,8248273,79960.88,0.711993649,0.2762036834377887,0.8786135231177882,9,0.5774086032777884,0.6566240774911696,23,0.5031888882182592,-0.5976967982304812,0.2423922400843711,15,-0.5808945707545566,NA,0.2423922400843726
SDB07,SDB,NA,NA,24,19,4,2,SDB,SDB,45,11,4,15,0,2,15,EPT,EPT-08,peinar,Intensional,Intensional subjunctive,Subjunctive,1,1,1,1,NA,SUBJ,6151,3173,91504,-124599.1,-1.109464919,-0.9850513816679946,-1.0663165084273158,9,-1.0256839450476551,0.6566240774911696,23,0.5031888882182592,-0.5976967982304812,0.2423922400843711,15,-0.5808945707545566,NA,0.2423922400843726
SDB07,SDB,NA,NA,24,19,4,2,SDB,SDB,45,11,4,15,0,2,15,EPT,EPT-10,nadar,Polarity,Polarity subjunctive,Subjunctive,0,0,NA,1,NA,IND,27224,5128,182321,NA,NA,-0.8957976315228422,-1.0477286211977954,9,-0.9717631263603188,0.6566240774911696,23,0.5031888882182592,-0.5976967982304812,0.2423922400843711,15,-0.5808945707545566,NA,0.2423922400843726
SDB07,SDB,NA,NA,24,19,4,2,SDB,SDB,45,11,4,15,0,2,15,EPT,EPT-14,pintar,Intensional,Intensional subjunctive,Subjunctive,1,1,1,1,NA,SUBJ,45606,22466,893704,-105306.1,-0.937674734,-0.8179414916676632,-0.8828811589034613,9,-0.8504113252855623,0.6566240774911696,23,0.5031888882182592,-0.5976967982304812,0.2423922400843711,15,-0.5808945707545566,NA,0.2423922400843726
SDB07,SDB,NA,NA,24,19,4,2,SDB,SDB,45,11,4,15,0,2,15,EPT,EPT-20,tratar,Intensional,Intensional subjunctive,Subjunctive,1,1,1,1,NA,SUBJ,590952,203027,9516595,75254.88,0.670090129,1.4918471301070348,0.8338694835770605,9,1.1628583068420477,0.6566240774911696,23,0.5031888882182592,-0.5976967982304812,0.2423922400843711,15,-0.5808945707545566,NA,0.2423922400843726
SDB07,SDB,NA,NA,24,19,4,2,SDB,SDB,45,11,4,15,0,2,15,EPT,EPT-22,hablar,Polarity,Polarity subjunctive,Subjunctive,0,0,NA,1,NA,IND,464270,255835,8432028,NA,NA,0.9552911781358784,1.3359611198003392,9,1.1456261489681088,0.6566240774911696,23,0.5031888882182592,-0.5976967982304812,0.2423922400843711,15,-0.5808945707545566,NA,0.2423922400843726
SDB07,SDB,NA,NA,24,19,4,2,SDB,SDB,45,11,4,15,0,2,15,EPT,EPT-26,mirar,Intensional,Intensional subjunctive,Subjunctive,1,1,1,1,NA,SUBJ,186441,197558,3683993,69785.88,0.621392647,-0.22144114042709367,0.7818709386879318,9,0.2802148991304191,0.6566240774911696,23,0.5031888882182592,-0.5976967982304812,0.2423922400843711,15,-0.5808945707545566,NA,0.2423922400843726
SDB07,SDB,NA,NA,24,19,4,2,SDB,SDB,45,11,4,15,0,2,15,EPT,EPT-32,llevar,Intensional,Intensional subjunctive,Subjunctive,1,1,1,1,NA,SUBJ,418316,301022,13841181,173259.9,1.542753636,0.7606550639532595,1.765593273375958,9,1.2631241686646089,0.6566240774911696,23,0.5031888882182592,-0.5976967982304812,0.2423922400843711,15,-0.5808945707545566,NA,0.2423922400843726
SDB07,SDB,NA,NA,24,19,4,2,SDB,SDB,45,11,4,15,0,2,15,EPT,EPT-34,bajar,Polarity,Polarity subjunctive,Subjunctive,0,0,NA,1,NA,IND,284649,62583,1981927,NA,NA,0.19451445650998764,-0.5014539098054219,9,-0.15346972664771713,0.6566240774911696,23,0.5031888882182592,-0.5976967982304812,0.2423922400843711,15,-0.5808945707545566,NA,0.2423922400843726
SDB07,SDB,NA,NA,24,19,4,2,SDB,SDB,45,11,4,15,0,2,15,EPT,EPT-38,amar,Intensional,Intensional subjunctive,Subjunctive,1,1,1,1,NA,SUBJ,60260,28864,1318934,-67512.13,-0.601146551,-0.7558751292784892,-0.8220498021287957,9,-0.7889624657036425,0.6566240774911696,23,0.5031888882182592,-0.5976967982304812,0.2423922400843711,15,-0.5808945707545566,NA,0.2423922400843726
SDB07,SDB,NA,NA,24,19,4,2,SDB,SDB,45,11,4,15,0,2,15,EPT,EPT-42,cuidar,Intensional,Intensional subjunctive,Subjunctive,1,1,NA,1,NA,SUBJ,208160,26928,1534607,-100844.1,-0.897943857,-0.12945128613949522,-0.8404570398149089,9,-0.48495416297720206,0.6566240774911696,23,0.5031888882182592,-0.5976967982304812,0.2423922400843711,15,-0.5808945707545566,NA,0.2423922400843726
SDB07,SDB,NA,NA,24,19,4,2,SDB,SDB,45,11,4,15,0,2,15,EPT,EPT-44,entrar,Polarity,Polarity subjunctive,Subjunctive,0,0,NA,1,NA,IND,207551,129316,4429528,NA,NA,-0.13203067843477342,0.1330348259938518,9,5.020737795391889e-4,0.6566240774911696,23,0.5031888882182592,-0.5976967982304812,0.2423922400843711,15,-0.5808945707545566,NA,0.2423922400843726
SDB09,SDB,NA,NA,26,8,4,2,SDB,SDB,48,13,4,6,0,5,26,EPT,EPT-02,llamar,Intensional,Intensional subjunctive,Subjunctive,1,1,1,1,NA,SUBJ,303936,207733,8248273,79960.88,0.711993649,0.2762036834377887,0.8786135231177882,0,0.5774086032777884,-1.2553107363801785,12,-1.3082911093674814,0.42692628445034575,0.2423922400843711,17,0.46471565660364567,NA,0.2423922400843726
SDB09,SDB,NA,NA,26,8,4,2,SDB,SDB,48,13,4,6,0,5,26,EPT,EPT-08,peinar,Intensional,Intensional subjunctive,Subjunctive,1,1,1,1,NA,SUBJ,6151,3173,91504,-124599.1,-1.109464919,-0.9850513816679946,-1.0663165084273158,0,-1.0256839450476551,-1.2553107363801785,12,-1.3082911093674814,0.42692628445034575,0.2423922400843711,17,0.46471565660364567,NA,0.2423922400843726
SDB09,SDB,NA,NA,26,8,4,2,SDB,SDB,48,13,4,6,0,5,26,EPT,EPT-10,nadar,Polarity,Polarity subjunctive,Subjunctive,1,1,NA,1,NA,SUBJ,27224,5128,182321,NA,NA,-0.8957976315228422,-1.0477286211977954,0,-0.9717631263603188,-1.2553107363801785,12,-1.3082911093674814,0.42692628445034575,0.2423922400843711,17,0.46471565660364567,NA,0.2423922400843726
SDB09,SDB,NA,NA,26,8,4,2,SDB,SDB,48,13,4,6,0,5,26,EPT,EPT-14,pintar,Intensional,Intensional subjunctive,Subjunctive,1,1,1,1,NA,SUBJ,45606,22466,893704,-105306.1,-0.937674734,-0.8179414916676632,-0.8828811589034613,0,-0.8504113252855623,-1.2553107363801785,12,-1.3082911093674814,0.42692628445034575,0.2423922400843711,17,0.46471565660364567,NA,0.2423922400843726
SDB09,SDB,NA,NA,26,8,4,2,SDB,SDB,48,13,4,6,0,5,26,EPT,EPT-20,tratar,Intensional,Intensional subjunctive,Subjunctive,1,1,1,1,NA,SUBJ,590952,203027,9516595,75254.88,0.670090129,1.4918471301070348,0.8338694835770605,0,1.1628583068420477,-1.2553107363801785,12,-1.3082911093674814,0.42692628445034575,0.2423922400843711,17,0.46471565660364567,NA,0.2423922400843726
SDB09,SDB,NA,NA,26,8,4,2,SDB,SDB,48,13,4,6,0,5,26,EPT,EPT-22,hablar,Polarity,Polarity subjunctive,Subjunctive,1,1,NA,1,NA,SUBJ,464270,255835,8432028,NA,NA,0.9552911781358784,1.3359611198003392,0,1.1456261489681088,-1.2553107363801785,12,-1.3082911093674814,0.42692628445034575,0.2423922400843711,17,0.46471565660364567,NA,0.2423922400843726
SDB09,SDB,NA,NA,26,8,4,2,SDB,SDB,48,13,4,6,0,5,26,EPT,EPT-26,mirar,Intensional,Intensional subjunctive,Subjunctive,1,1,1,1,NA,SUBJ,186441,197558,3683993,69785.88,0.621392647,-0.22144114042709367,0.7818709386879318,0,0.2802148991304191,-1.2553107363801785,12,-1.3082911093674814,0.42692628445034575,0.2423922400843711,17,0.46471565660364567,NA,0.2423922400843726
SDB09,SDB,NA,NA,26,8,4,2,SDB,SDB,48,13,4,6,0,5,26,EPT,EPT-32,llevar,Intensional,Intensional subjunctive,Subjunctive,1,1,1,1,NA,SUBJ,418316,301022,13841181,173259.9,1.542753636,0.7606550639532595,1.765593273375958,0,1.2631241686646089,-1.2553107363801785,12,-1.3082911093674814,0.42692628445034575,0.2423922400843711,17,0.46471565660364567,NA,0.2423922400843726
SDB09,SDB,NA,NA,26,8,4,2,SDB,SDB,48,13,4,6,0,5,26,EPT,EPT-34,bajar,Polarity,Polarity subjunctive,Subjunctive,1,1,NA,1,NA,IND,284649,62583,1981927,NA,NA,0.19451445650998764,-0.5014539098054219,0,-0.15346972664771713,-1.2553107363801785,12,-1.3082911093674814,0.42692628445034575,0.2423922400843711,17,0.46471565660364567,NA,0.2423922400843726
SDB09,SDB,NA,NA,26,8,4,2,SDB,SDB,48,13,4,6,0,5,26,EPT,EPT-38,amar,Intensional,Intensional subjunctive,Subjunctive,1,1,1,1,NA,SUBJ,60260,28864,1318934,-67512.13,-0.601146551,-0.7558751292784892,-0.8220498021287957,0,-0.7889624657036425,-1.2553107363801785,12,-1.3082911093674814,0.42692628445034575,0.2423922400843711,17,0.46471565660364567,NA,0.2423922400843726
SDB09,SDB,NA,NA,26,8,4,2,SDB,SDB,48,13,4,6,0,5,26,EPT,EPT-42,cuidar,Intensional,Intensional subjunctive,Subjunctive,1,1,1,1,NA,SUBJ,208160,26928,1534607,-100844.1,-0.897943857,-0.12945128613949522,-0.8404570398149089,0,-0.48495416297720206,-1.2553107363801785,12,-1.3082911093674814,0.42692628445034575,0.2423922400843711,17,0.46471565660364567,NA,0.2423922400843726
SDB09,SDB,NA,NA,26,8,4,2,SDB,SDB,48,13,4,6,0,5,26,EPT,EPT-44,entrar,Polarity,Polarity subjunctive,Subjunctive,1,1,NA,1,NA,IND,207551,129316,4429528,NA,NA,-0.13203067843477342,0.1330348259938518,0,5.020737795391889e-4,-1.2553107363801785,12,-1.3082911093674814,0.42692628445034575,0.2423922400843711,17,0.46471565660364567,NA,0.2423922400843726
SDB10,SDB,NA,NA,23,11,4,2,SDB,SDB,50,13,4,6,0,3,21,EPT,EPT-02,llamar,Intensional,Intensional subjunctive,Subjunctive,1,1,1,1,NA,SUBJ,303936,207733,8248273,79960.88,0.711993649,0.2762036834377887,0.8786135231177882,2,0.5774086032777884,-0.73387396896072,15,-0.8142511100259158,0.42692628445034575,0.2423922400843711,17,0.46471565660364567,NA,0.2423922400843726
SDB10,SDB,NA,NA,23,11,4,2,SDB,SDB,50,13,4,6,0,3,21,EPT,EPT-08,peinar,Intensional,Intensional subjunctive,Subjunctive,1,1,1,1,NA,SUBJ,6151,3173,91504,-124599.1,-1.109464919,-0.9850513816679946,-1.0663165084273158,2,-1.0256839450476551,-0.73387396896072,15,-0.8142511100259158,0.42692628445034575,0.2423922400843711,17,0.46471565660364567,NA,0.2423922400843726
SDB10,SDB,NA,NA,23,11,4,2,SDB,SDB,50,13,4,6,0,3,21,EPT,EPT-10,nadar,Polarity,Polarity subjunctive,Subjunctive,1,NA,NA,1,NA,SUBJ MODAL,27224,5128,182321,NA,NA,-0.8957976315228422,-1.0477286211977954,2,-0.9717631263603188,-0.73387396896072,15,-0.8142511100259158,0.42692628445034575,0.2423922400843711,17,0.46471565660364567,NA,0.2423922400843726
SDB10,SDB,NA,NA,23,11,4,2,SDB,SDB,50,13,4,6,0,3,21,EPT,EPT-14,pintar,Intensional,Intensional subjunctive,Subjunctive,1,1,1,1,NA,SUBJ,45606,22466,893704,-105306.1,-0.937674734,-0.8179414916676632,-0.8828811589034613,2,-0.8504113252855623,-0.73387396896072,15,-0.8142511100259158,0.42692628445034575,0.2423922400843711,17,0.46471565660364567,NA,0.2423922400843726
SDB10,SDB,NA,NA,23,11,4,2,SDB,SDB,50,13,4,6,0,3,21,EPT,EPT-20,tratar,Intensional,Intensional subjunctive,Subjunctive,1,1,1,1,NA,SUBJ,590952,203027,9516595,75254.88,0.670090129,1.4918471301070348,0.8338694835770605,2,1.1628583068420477,-0.73387396896072,15,-0.8142511100259158,0.42692628445034575,0.2423922400843711,17,0.46471565660364567,NA,0.2423922400843726
SDB10,SDB,NA,NA,23,11,4,2,SDB,SDB,50,13,4,6,0,3,21,EPT,EPT-22,hablar,Polarity,Polarity subjunctive,Subjunctive,1,NA,NA,1,NA,SUBJ MODAL,464270,255835,8432028,NA,NA,0.9552911781358784,1.3359611198003392,2,1.1456261489681088,-0.73387396896072,15,-0.8142511100259158,0.42692628445034575,0.2423922400843711,17,0.46471565660364567,NA,0.2423922400843726
SDB10,SDB,NA,NA,23,11,4,2,SDB,SDB,50,13,4,6,0,3,21,EPT,EPT-26,mirar,Intensional,Intensional subjunctive,Subjunctive,1,1,1,1,NA,SUBJ,186441,197558,3683993,69785.88,0.621392647,-0.22144114042709367,0.7818709386879318,2,0.2802148991304191,-0.73387396896072,15,-0.8142511100259158,0.42692628445034575,0.2423922400843711,17,0.46471565660364567,NA,0.2423922400843726
SDB10,SDB,NA,NA,23,11,4,2,SDB,SDB,50,13,4,6,0,3,21,EPT,EPT-32,llevar,Intensional,Intensional subjunctive,Subjunctive,1,1,1,1,NA,SUBJ,418316,301022,13841181,173259.9,1.542753636,0.7606550639532595,1.765593273375958,2,1.2631241686646089,-0.73387396896072,15,-0.8142511100259158,0.42692628445034575,0.2423922400843711,17,0.46471565660364567,NA,0.2423922400843726
SDB10,SDB,NA,NA,23,11,4,2,SDB,SDB,50,13,4,6,0,3,21,EPT,EPT-34,bajar,Polarity,Polarity subjunctive,Subjunctive,1,NA,NA,1,NA,SUBJ MODAL,284649,62583,1981927,NA,NA,0.19451445650998764,-0.5014539098054219,2,-0.15346972664771713,-0.73387396896072,15,-0.8142511100259158,0.42692628445034575,0.2423922400843711,17,0.46471565660364567,NA,0.2423922400843726
SDB10,SDB,NA,NA,23,11,4,2,SDB,SDB,50,13,4,6,0,3,21,EPT,EPT-38,amar,Intensional,Intensional subjunctive,Subjunctive,1,1,1,1,NA,SUBJ,60260,28864,1318934,-67512.13,-0.601146551,-0.7558751292784892,-0.8220498021287957,2,-0.7889624657036425,-0.73387396896072,15,-0.8142511100259158,0.42692628445034575,0.2423922400843711,17,0.46471565660364567,NA,0.2423922400843726
SDB10,SDB,NA,NA,23,11,4,2,SDB,SDB,50,13,4,6,0,3,21,EPT,EPT-42,cuidar,Intensional,Intensional subjunctive,Subjunctive,1,1,1,1,NA,SUBJ,208160,26928,1534607,-100844.1,-0.897943857,-0.12945128613949522,-0.8404570398149089,2,-0.48495416297720206,-0.73387396896072,15,-0.8142511100259158,0.42692628445034575,0.2423922400843711,17,0.46471565660364567,NA,0.2423922400843726
SDB10,SDB,NA,NA,23,11,4,2,SDB,SDB,50,13,4,6,0,3,21,EPT,EPT-44,entrar,Polarity,Polarity subjunctive,Subjunctive,1,NA,NA,1,NA,SUBJ MODAL,207551,129316,4429528,NA,NA,-0.13203067843477342,0.1330348259938518,2,5.020737795391889e-4,-0.73387396896072,15,-0.8142511100259158,0.42692628445034575,0.2423922400843711,17,0.46471565660364567,NA,0.2423922400843726
SDB12,SDB,NA,NA,34,20,4,2,SDB,SDB,48,13,4,4,0,3,19,EPT,EPT-02,llamar,Intensional,Intensional subjunctive,Subjunctive,NA,NA,NA,NA,NA,NA,303936,207733,8248273,79960.88,0.711993649,0.2762036834377887,0.8786135231177882,15,0.5774086032777884,0.8304363332976559,24,0.6678688879987811,0.42692628445034575,0.2423922400843711,17,0.46471565660364567,NA,0.2423922400843726
SDB12,SDB,NA,NA,34,20,4,2,SDB,SDB,48,13,4,4,0,3,19,EPT,EPT-08,peinar,Intensional,Intensional subjunctive,Subjunctive,1,1,1,1,NA,SUBJ,6151,3173,91504,-124599.1,-1.109464919,-0.9850513816679946,-1.0663165084273158,15,-1.0256839450476551,0.8304363332976559,24,0.6678688879987811,0.42692628445034575,0.2423922400843711,17,0.46471565660364567,NA,0.2423922400843726
SDB12,SDB,NA,NA,34,20,4,2,SDB,SDB,48,13,4,4,0,3,19,EPT,EPT-10,nadar,Polarity,Polarity subjunctive,Subjunctive,1,1,NA,1,NA,SUBJ,27224,5128,182321,NA,NA,-0.8957976315228422,-1.0477286211977954,15,-0.9717631263603188,0.8304363332976559,24,0.6678688879987811,0.42692628445034575,0.2423922400843711,17,0.46471565660364567,NA,0.2423922400843726
SDB12,SDB,NA,NA,34,20,4,2,SDB,SDB,48,13,4,4,0,3,19,EPT,EPT-14,pintar,Intensional,Intensional subjunctive,Subjunctive,1,1,1,1,NA,SUBJ,45606,22466,893704,-105306.1,-0.937674734,-0.8179414916676632,-0.8828811589034613,15,-0.8504113252855623,0.8304363332976559,24,0.6678688879987811,0.42692628445034575,0.2423922400843711,17,0.46471565660364567,NA,0.2423922400843726
SDB12,SDB,NA,NA,34,20,4,2,SDB,SDB,48,13,4,4,0,3,19,EPT,EPT-20,tratar,Intensional,Intensional subjunctive,Subjunctive,1,1,1,1,NA,SUBJ,590952,203027,9516595,75254.88,0.670090129,1.4918471301070348,0.8338694835770605,15,1.1628583068420477,0.8304363332976559,24,0.6678688879987811,0.42692628445034575,0.2423922400843711,17,0.46471565660364567,NA,0.2423922400843726
SDB12,SDB,NA,NA,34,20,4,2,SDB,SDB,48,13,4,4,0,3,19,EPT,EPT-22,hablar,Polarity,Polarity subjunctive,Subjunctive,1,1,NA,1,NA,SUBJ,464270,255835,8432028,NA,NA,0.9552911781358784,1.3359611198003392,15,1.1456261489681088,0.8304363332976559,24,0.6678688879987811,0.42692628445034575,0.2423922400843711,17,0.46471565660364567,NA,0.2423922400843726
SDB12,SDB,NA,NA,34,20,4,2,SDB,SDB,48,13,4,4,0,3,19,EPT,EPT-26,mirar,Intensional,Intensional subjunctive,Subjunctive,1,1,1,1,NA,SUBJ,186441,197558,3683993,69785.88,0.621392647,-0.22144114042709367,0.7818709386879318,15,0.2802148991304191,0.8304363332976559,24,0.6678688879987811,0.42692628445034575,0.2423922400843711,17,0.46471565660364567,NA,0.2423922400843726
SDB12,SDB,NA,NA,34,20,4,2,SDB,SDB,48,13,4,4,0,3,19,EPT,EPT-32,llevar,Intensional,Intensional subjunctive,Subjunctive,1,1,1,1,NA,SUBJ,418316,301022,13841181,173259.9,1.542753636,0.7606550639532595,1.765593273375958,15,1.2631241686646089,0.8304363332976559,24,0.6678688879987811,0.42692628445034575,0.2423922400843711,17,0.46471565660364567,NA,0.2423922400843726
SDB12,SDB,NA,NA,34,20,4,2,SDB,SDB,48,13,4,4,0,3,19,EPT,EPT-34,bajar,Polarity,Polarity subjunctive,Subjunctive,1,1,NA,1,NA,SUBJ,284649,62583,1981927,NA,NA,0.19451445650998764,-0.5014539098054219,15,-0.15346972664771713,0.8304363332976559,24,0.6678688879987811,0.42692628445034575,0.2423922400843711,17,0.46471565660364567,NA,0.2423922400843726
SDB12,SDB,NA,NA,34,20,4,2,SDB,SDB,48,13,4,4,0,3,19,EPT,EPT-38,amar,Intensional,Intensional subjunctive,Subjunctive,1,1,1,1,NA,SUBJ,60260,28864,1318934,-67512.13,-0.601146551,-0.7558751292784892,-0.8220498021287957,15,-0.7889624657036425,0.8304363332976559,24,0.6678688879987811,0.42692628445034575,0.2423922400843711,17,0.46471565660364567,NA,0.2423922400843726
SDB12,SDB,NA,NA,34,20,4,2,SDB,SDB,48,13,4,4,0,3,19,EPT,EPT-42,cuidar,Intensional,Intensional subjunctive,Subjunctive,1,1,1,1,NA,SUBJ,208160,26928,1534607,-100844.1,-0.897943857,-0.12945128613949522,-0.8404570398149089,15,-0.48495416297720206,0.8304363332976559,24,0.6678688879987811,0.42692628445034575,0.2423922400843711,17,0.46471565660364567,NA,0.2423922400843726
SDB12,SDB,NA,NA,34,20,4,2,SDB,SDB,48,13,4,4,0,3,19,EPT,EPT-44,entrar,Polarity,Polarity subjunctive,Subjunctive,1,1,NA,1,NA,SUBJ,207551,129316,4429528,NA,NA,-0.13203067843477342,0.1330348259938518,15,5.020737795391889e-4,0.8304363332976559,24,0.6678688879987811,0.42692628445034575,0.2423922400843711,17,0.46471565660364567,NA,0.2423922400843726
SDB13,SDB,NA,NA,55,13,5,2,SDB,SDB,46,14,4,5,0,2,26,EPT,EPT-02,llamar,Intensional,Intensional subjunctive,Subjunctive,1,1,1,1,NA,SUBJ,303936,207733,8248273,79960.88,0.711993649,0.2762036834377887,0.8786135231177882,29,0.5774086032777884,-0.3862494573477476,18,-0.32021111068435015,0.9392378257907592,0.2423922400843711,18,0.9875207702827469,NA,0.2423922400843726
SDB13,SDB,NA,NA,55,13,5,2,SDB,SDB,46,14,4,5,0,2,26,EPT,EPT-08,peinar,Intensional,Intensional subjunctive,Subjunctive,NA,NA,NA,NA,NA,NA,6151,3173,91504,-124599.1,-1.109464919,-0.9850513816679946,-1.0663165084273158,29,-1.0256839450476551,-0.3862494573477476,18,-0.32021111068435015,0.9392378257907592,0.2423922400843711,18,0.9875207702827469,NA,0.2423922400843726
SDB13,SDB,NA,NA,55,13,5,2,SDB,SDB,46,14,4,5,0,2,26,EPT,EPT-10,nadar,Polarity,Polarity subjunctive,Subjunctive,1,1,NA,1,NA,SUBJ,27224,5128,182321,NA,NA,-0.8957976315228422,-1.0477286211977954,29,-0.9717631263603188,-0.3862494573477476,18,-0.32021111068435015,0.9392378257907592,0.2423922400843711,18,0.9875207702827469,NA,0.2423922400843726
SDB13,SDB,NA,NA,55,13,5,2,SDB,SDB,46,14,4,5,0,2,26,EPT,EPT-14,pintar,Intensional,Intensional subjunctive,Subjunctive,1,1,1,1,NA,SUBJ,45606,22466,893704,-105306.1,-0.937674734,-0.8179414916676632,-0.8828811589034613,29,-0.8504113252855623,-0.3862494573477476,18,-0.32021111068435015,0.9392378257907592,0.2423922400843711,18,0.9875207702827469,NA,0.2423922400843726
SDB13,SDB,NA,NA,55,13,5,2,SDB,SDB,46,14,4,5,0,2,26,EPT,EPT-20,tratar,Intensional,Intensional subjunctive,Subjunctive,1,1,1,1,NA,SUBJ,590952,203027,9516595,75254.88,0.670090129,1.4918471301070348,0.8338694835770605,29,1.1628583068420477,-0.3862494573477476,18,-0.32021111068435015,0.9392378257907592,0.2423922400843711,18,0.9875207702827469,NA,0.2423922400843726
SDB13,SDB,NA,NA,55,13,5,2,SDB,SDB,46,14,4,5,0,2,26,EPT,EPT-22,hablar,Polarity,Polarity subjunctive,Subjunctive,1,1,NA,1,NA,SUBJ,464270,255835,8432028,NA,NA,0.9552911781358784,1.3359611198003392,29,1.1456261489681088,-0.3862494573477476,18,-0.32021111068435015,0.9392378257907592,0.2423922400843711,18,0.9875207702827469,NA,0.2423922400843726
SDB13,SDB,NA,NA,55,13,5,2,SDB,SDB,46,14,4,5,0,2,26,EPT,EPT-26,mirar,Intensional,Intensional subjunctive,Subjunctive,NA,NA,NA,NA,NA,NA,186441,197558,3683993,69785.88,0.621392647,-0.22144114042709367,0.7818709386879318,29,0.2802148991304191,-0.3862494573477476,18,-0.32021111068435015,0.9392378257907592,0.2423922400843711,18,0.9875207702827469,NA,0.2423922400843726
SDB13,SDB,NA,NA,55,13,5,2,SDB,SDB,46,14,4,5,0,2,26,EPT,EPT-32,llevar,Intensional,Intensional subjunctive,Subjunctive,1,1,1,1,NA,SUBJ,418316,301022,13841181,173259.9,1.542753636,0.7606550639532595,1.765593273375958,29,1.2631241686646089,-0.3862494573477476,18,-0.32021111068435015,0.9392378257907592,0.2423922400843711,18,0.9875207702827469,NA,0.2423922400843726
SDB13,SDB,NA,NA,55,13,5,2,SDB,SDB,46,14,4,5,0,2,26,EPT,EPT-34,bajar,Polarity,Polarity subjunctive,Subjunctive,1,1,NA,1,NA,SUBJ,284649,62583,1981927,NA,NA,0.19451445650998764,-0.5014539098054219,29,-0.15346972664771713,-0.3862494573477476,18,-0.32021111068435015,0.9392378257907592,0.2423922400843711,18,0.9875207702827469,NA,0.2423922400843726
SDB13,SDB,NA,NA,55,13,5,2,SDB,SDB,46,14,4,5,0,2,26,EPT,EPT-38,amar,Intensional,Intensional subjunctive,Subjunctive,1,1,1,1,NA,SUBJ,60260,28864,1318934,-67512.13,-0.601146551,-0.7558751292784892,-0.8220498021287957,29,-0.7889624657036425,-0.3862494573477476,18,-0.32021111068435015,0.9392378257907592,0.2423922400843711,18,0.9875207702827469,NA,0.2423922400843726
SDB13,SDB,NA,NA,55,13,5,2,SDB,SDB,46,14,4,5,0,2,26,EPT,EPT-42,cuidar,Intensional,Intensional subjunctive,Subjunctive,1,1,1,1,NA,SUBJ,208160,26928,1534607,-100844.1,-0.897943857,-0.12945128613949522,-0.8404570398149089,29,-0.48495416297720206,-0.3862494573477476,18,-0.32021111068435015,0.9392378257907592,0.2423922400843711,18,0.9875207702827469,NA,0.2423922400843726
SDB13,SDB,NA,NA,55,13,5,2,SDB,SDB,46,14,4,5,0,2,26,EPT,EPT-44,entrar,Polarity,Polarity subjunctive,Subjunctive,0,0,NA,1,NA,IND,207551,129316,4429528,NA,NA,-0.13203067843477342,0.1330348259938518,29,5.020737795391889e-4,-0.3862494573477476,18,-0.32021111068435015,0.9392378257907592,0.2423922400843711,18,0.9875207702827469,NA,0.2423922400843726
SDB14,SDB,NA,NA,21,5,0,2,SDB,SDB,49,11,4,8,0,2,15,EPT,EPT-02,llamar,Intensional,Intensional subjunctive,Subjunctive,1,1,1,1,NA,SUBJ,303936,207733,8248273,79960.88,0.711993649,0.2762036834377887,0.8786135231177882,6,0.5774086032777884,-1.7767475037996372,5,-2.4610511078311346,-0.5976967982304812,0.2423922400843711,15,-0.5808945707545566,NA,0.2423922400843726
SDB14,SDB,NA,NA,21,5,0,2,SDB,SDB,49,11,4,8,0,2,15,EPT,EPT-08,peinar,Intensional,Intensional subjunctive,Subjunctive,1,1,1,1,NA,SUBJ,6151,3173,91504,-124599.1,-1.109464919,-0.9850513816679946,-1.0663165084273158,6,-1.0256839450476551,-1.7767475037996372,5,-2.4610511078311346,-0.5976967982304812,0.2423922400843711,15,-0.5808945707545566,NA,0.2423922400843726
SDB14,SDB,NA,NA,21,5,0,2,SDB,SDB,49,11,4,8,0,2,15,EPT,EPT-10,nadar,Polarity,Polarity subjunctive,Subjunctive,0,0,NA,1,NA,IND,27224,5128,182321,NA,NA,-0.8957976315228422,-1.0477286211977954,6,-0.9717631263603188,-1.7767475037996372,5,-2.4610511078311346,-0.5976967982304812,0.2423922400843711,15,-0.5808945707545566,NA,0.2423922400843726
SDB14,SDB,NA,NA,21,5,0,2,SDB,SDB,49,11,4,8,0,2,15,EPT,EPT-14,pintar,Intensional,Intensional subjunctive,Subjunctive,1,1,1,1,NA,SUBJ,45606,22466,893704,-105306.1,-0.937674734,-0.8179414916676632,-0.8828811589034613,6,-0.8504113252855623,-1.7767475037996372,5,-2.4610511078311346,-0.5976967982304812,0.2423922400843711,15,-0.5808945707545566,NA,0.2423922400843726
SDB14,SDB,NA,NA,21,5,0,2,SDB,SDB,49,11,4,8,0,2,15,EPT,EPT-20,tratar,Intensional,Intensional subjunctive,Subjunctive,1,1,1,1,NA,SUBJ,590952,203027,9516595,75254.88,0.670090129,1.4918471301070348,0.8338694835770605,6,1.1628583068420477,-1.7767475037996372,5,-2.4610511078311346,-0.5976967982304812,0.2423922400843711,15,-0.5808945707545566,NA,0.2423922400843726
SDB14,SDB,NA,NA,21,5,0,2,SDB,SDB,49,11,4,8,0,2,15,EPT,EPT-22,hablar,Polarity,Polarity subjunctive,Subjunctive,1,1,NA,1,NA,SUBJ,464270,255835,8432028,NA,NA,0.9552911781358784,1.3359611198003392,6,1.1456261489681088,-1.7767475037996372,5,-2.4610511078311346,-0.5976967982304812,0.2423922400843711,15,-0.5808945707545566,NA,0.2423922400843726
SDB14,SDB,NA,NA,21,5,0,2,SDB,SDB,49,11,4,8,0,2,15,EPT,EPT-26,mirar,Intensional,Intensional subjunctive,Subjunctive,1,1,1,1,NA,SUBJ,186441,197558,3683993,69785.88,0.621392647,-0.22144114042709367,0.7818709386879318,6,0.2802148991304191,-1.7767475037996372,5,-2.4610511078311346,-0.5976967982304812,0.2423922400843711,15,-0.5808945707545566,NA,0.2423922400843726
SDB14,SDB,NA,NA,21,5,0,2,SDB,SDB,49,11,4,8,0,2,15,EPT,EPT-32,llevar,Intensional,Intensional subjunctive,Subjunctive,1,1,1,1,NA,SUBJ,418316,301022,13841181,173259.9,1.542753636,0.7606550639532595,1.765593273375958,6,1.2631241686646089,-1.7767475037996372,5,-2.4610511078311346,-0.5976967982304812,0.2423922400843711,15,-0.5808945707545566,NA,0.2423922400843726
SDB14,SDB,NA,NA,21,5,0,2,SDB,SDB,49,11,4,8,0,2,15,EPT,EPT-34,bajar,Polarity,Polarity subjunctive,Subjunctive,0,0,NA,1,NA,IND,284649,62583,1981927,NA,NA,0.19451445650998764,-0.5014539098054219,6,-0.15346972664771713,-1.7767475037996372,5,-2.4610511078311346,-0.5976967982304812,0.2423922400843711,15,-0.5808945707545566,NA,0.2423922400843726
SDB14,SDB,NA,NA,21,5,0,2,SDB,SDB,49,11,4,8,0,2,15,EPT,EPT-38,amar,Intensional,Intensional subjunctive,Subjunctive,1,1,1,1,NA,SUBJ,60260,28864,1318934,-67512.13,-0.601146551,-0.7558751292784892,-0.8220498021287957,6,-0.7889624657036425,-1.7767475037996372,5,-2.4610511078311346,-0.5976967982304812,0.2423922400843711,15,-0.5808945707545566,NA,0.2423922400843726
SDB14,SDB,NA,NA,21,5,0,2,SDB,SDB,49,11,4,8,0,2,15,EPT,EPT-42,cuidar,Intensional,Intensional subjunctive,Subjunctive,1,1,1,1,NA,SUBJ,208160,26928,1534607,-100844.1,-0.897943857,-0.12945128613949522,-0.8404570398149089,6,-0.48495416297720206,-1.7767475037996372,5,-2.4610511078311346,-0.5976967982304812,0.2423922400843711,15,-0.5808945707545566,NA,0.2423922400843726
SDB14,SDB,NA,NA,21,5,0,2,SDB,SDB,49,11,4,8,0,2,15,EPT,EPT-44,entrar,Polarity,Polarity subjunctive,Subjunctive,0,0,NA,1,NA,IND,207551,129316,4429528,NA,NA,-0.13203067843477342,0.1330348259938518,6,5.020737795391889e-4,-1.7767475037996372,5,-2.4610511078311346,-0.5976967982304812,0.2423922400843711,15,-0.5808945707545566,NA,0.2423922400843726
SDB15,SDB,NA,NA,31,6,5,2,SDB,SDB,46,14,4,14,0,2,31,EPT,EPT-02,llamar,Intensional,Intensional subjunctive,Subjunctive,1,1,NA,NA,NA,SUBJ,303936,207733,8248273,79960.88,0.711993649,0.2762036834377887,0.8786135231177882,0,0.5774086032777884,-1.6029352479931511,11,-1.4729711091480033,0.9392378257907592,0.2423922400843711,18,0.9875207702827469,NA,0.2423922400843726
SDB15,SDB,NA,NA,31,6,5,2,SDB,SDB,46,14,4,14,0,2,31,EPT,EPT-08,peinar,Intensional,Intensional subjunctive,Subjunctive,1,1,NA,NA,NA,SUBJ,6151,3173,91504,-124599.1,-1.109464919,-0.9850513816679946,-1.0663165084273158,0,-1.0256839450476551,-1.6029352479931511,11,-1.4729711091480033,0.9392378257907592,0.2423922400843711,18,0.9875207702827469,NA,0.2423922400843726
SDB15,SDB,NA,NA,31,6,5,2,SDB,SDB,46,14,4,14,0,2,31,EPT,EPT-10,nadar,Polarity,Polarity subjunctive,Subjunctive,1,NA,NA,NA,NA,SUBJ MODAL,27224,5128,182321,NA,NA,-0.8957976315228422,-1.0477286211977954,0,-0.9717631263603188,-1.6029352479931511,11,-1.4729711091480033,0.9392378257907592,0.2423922400843711,18,0.9875207702827469,NA,0.2423922400843726
SDB15,SDB,NA,NA,31,6,5,2,SDB,SDB,46,14,4,14,0,2,31,EPT,EPT-14,pintar,Intensional,Intensional subjunctive,Subjunctive,1,1,NA,NA,NA,SUBJ,45606,22466,893704,-105306.1,-0.937674734,-0.8179414916676632,-0.8828811589034613,0,-0.8504113252855623,-1.6029352479931511,11,-1.4729711091480033,0.9392378257907592,0.2423922400843711,18,0.9875207702827469,NA,0.2423922400843726
SDB15,SDB,NA,NA,31,6,5,2,SDB,SDB,46,14,4,14,0,2,31,EPT,EPT-20,tratar,Intensional,Intensional subjunctive,Subjunctive,1,1,NA,NA,NA,SUBJ,590952,203027,9516595,75254.88,0.670090129,1.4918471301070348,0.8338694835770605,0,1.1628583068420477,-1.6029352479931511,11,-1.4729711091480033,0.9392378257907592,0.2423922400843711,18,0.9875207702827469,NA,0.2423922400843726
SDB15,SDB,NA,NA,31,6,5,2,SDB,SDB,46,14,4,14,0,2,31,EPT,EPT-22,hablar,Polarity,Polarity subjunctive,Subjunctive,1,NA,NA,NA,NA,SUBJ MODAL,464270,255835,8432028,NA,NA,0.9552911781358784,1.3359611198003392,0,1.1456261489681088,-1.6029352479931511,11,-1.4729711091480033,0.9392378257907592,0.2423922400843711,18,0.9875207702827469,NA,0.2423922400843726
SDB15,SDB,NA,NA,31,6,5,2,SDB,SDB,46,14,4,14,0,2,31,EPT,EPT-26,mirar,Intensional,Intensional subjunctive,Subjunctive,1,1,NA,NA,NA,SUBJ,186441,197558,3683993,69785.88,0.621392647,-0.22144114042709367,0.7818709386879318,0,0.2802148991304191,-1.6029352479931511,11,-1.4729711091480033,0.9392378257907592,0.2423922400843711,18,0.9875207702827469,NA,0.2423922400843726
SDB15,SDB,NA,NA,31,6,5,2,SDB,SDB,46,14,4,14,0,2,31,EPT,EPT-32,llevar,Intensional,Intensional subjunctive,Subjunctive,1,1,NA,NA,NA,SUBJ,418316,301022,13841181,173259.9,1.542753636,0.7606550639532595,1.765593273375958,0,1.2631241686646089,-1.6029352479931511,11,-1.4729711091480033,0.9392378257907592,0.2423922400843711,18,0.9875207702827469,NA,0.2423922400843726
SDB15,SDB,NA,NA,31,6,5,2,SDB,SDB,46,14,4,14,0,2,31,EPT,EPT-34,bajar,Polarity,Polarity subjunctive,Subjunctive,1,NA,NA,NA,NA,SUBJ MODAL,284649,62583,1981927,NA,NA,0.19451445650998764,-0.5014539098054219,0,-0.15346972664771713,-1.6029352479931511,11,-1.4729711091480033,0.9392378257907592,0.2423922400843711,18,0.9875207702827469,NA,0.2423922400843726
SDB15,SDB,NA,NA,31,6,5,2,SDB,SDB,46,14,4,14,0,2,31,EPT,EPT-38,amar,Intensional,Intensional subjunctive,Subjunctive,1,1,NA,NA,NA,SUBJ,60260,28864,1318934,-67512.13,-0.601146551,-0.7558751292784892,-0.8220498021287957,0,-0.7889624657036425,-1.6029352479931511,11,-1.4729711091480033,0.9392378257907592,0.2423922400843711,18,0.9875207702827469,NA,0.2423922400843726
SDB15,SDB,NA,NA,31,6,5,2,SDB,SDB,46,14,4,14,0,2,31,EPT,EPT-42,cuidar,Intensional,Intensional subjunctive,Subjunctive,1,1,NA,NA,NA,SUBJ,208160,26928,1534607,-100844.1,-0.897943857,-0.12945128613949522,-0.8404570398149089,0,-0.48495416297720206,-1.6029352479931511,11,-1.4729711091480033,0.9392378257907592,0.2423922400843711,18,0.9875207702827469,NA,0.2423922400843726
SDB15,SDB,NA,NA,31,6,5,2,SDB,SDB,46,14,4,14,0,2,31,EPT,EPT-44,entrar,Polarity,Polarity subjunctive,Subjunctive,1,NA,NA,NA,NA,SUBJ MODAL,207551,129316,4429528,NA,NA,-0.13203067843477342,0.1330348259938518,0,5.020737795391889e-4,-1.6029352479931511,11,-1.4729711091480033,0.9392378257907592,0.2423922400843711,18,0.9875207702827469,NA,0.2423922400843726
SDB16,SDB,NA,NA,26,20,2,2,SDB,SDB,47,13,4,10,0,2,22,EPT,EPT-02,llamar,Intensional,Intensional subjunctive,Subjunctive,1,1,1,1,NA,SUBJ,303936,207733,8248273,79960.88,0.711993649,0.2762036834377887,0.8786135231177882,4,0.5774086032777884,0.8304363332976559,22,0.33850888843773735,0.42692628445034575,0.2423922400843711,17,0.46471565660364567,NA,0.2423922400843726
SDB16,SDB,NA,NA,26,20,2,2,SDB,SDB,47,13,4,10,0,2,22,EPT,EPT-08,peinar,Intensional,Intensional subjunctive,Subjunctive,1,1,1,1,NA,SUBJ,6151,3173,91504,-124599.1,-1.109464919,-0.9850513816679946,-1.0663165084273158,4,-1.0256839450476551,0.8304363332976559,22,0.33850888843773735,0.42692628445034575,0.2423922400843711,17,0.46471565660364567,NA,0.2423922400843726
SDB16,SDB,NA,NA,26,20,2,2,SDB,SDB,47,13,4,10,0,2,22,EPT,EPT-10,nadar,Polarity,Polarity subjunctive,Subjunctive,1,1,NA,1,NA,FUTURE,27224,5128,182321,NA,NA,-0.8957976315228422,-1.0477286211977954,4,-0.9717631263603188,0.8304363332976559,22,0.33850888843773735,0.42692628445034575,0.2423922400843711,17,0.46471565660364567,NA,0.2423922400843726
SDB16,SDB,NA,NA,26,20,2,2,SDB,SDB,47,13,4,10,0,2,22,EPT,EPT-14,pintar,Intensional,Intensional subjunctive,Subjunctive,1,1,1,1,NA,SUBJ,45606,22466,893704,-105306.1,-0.937674734,-0.8179414916676632,-0.8828811589034613,4,-0.8504113252855623,0.8304363332976559,22,0.33850888843773735,0.42692628445034575,0.2423922400843711,17,0.46471565660364567,NA,0.2423922400843726
SDB16,SDB,NA,NA,26,20,2,2,SDB,SDB,47,13,4,10,0,2,22,EPT,EPT-20,tratar,Intensional,Intensional subjunctive,Subjunctive,1,1,1,1,NA,SUBJ,590952,203027,9516595,75254.88,0.670090129,1.4918471301070348,0.8338694835770605,4,1.1628583068420477,0.8304363332976559,22,0.33850888843773735,0.42692628445034575,0.2423922400843711,17,0.46471565660364567,NA,0.2423922400843726
SDB16,SDB,NA,NA,26,20,2,2,SDB,SDB,47,13,4,10,0,2,22,EPT,EPT-22,hablar,Polarity,Polarity subjunctive,Subjunctive,1,1,NA,1,NA,FUTURE,464270,255835,8432028,NA,NA,0.9552911781358784,1.3359611198003392,4,1.1456261489681088,0.8304363332976559,22,0.33850888843773735,0.42692628445034575,0.2423922400843711,17,0.46471565660364567,NA,0.2423922400843726
SDB16,SDB,NA,NA,26,20,2,2,SDB,SDB,47,13,4,10,0,2,22,EPT,EPT-26,mirar,Intensional,Intensional subjunctive,Subjunctive,1,1,1,1,NA,SUBJ,186441,197558,3683993,69785.88,0.621392647,-0.22144114042709367,0.7818709386879318,4,0.2802148991304191,0.8304363332976559,22,0.33850888843773735,0.42692628445034575,0.2423922400843711,17,0.46471565660364567,NA,0.2423922400843726
SDB16,SDB,NA,NA,26,20,2,2,SDB,SDB,47,13,4,10,0,2,22,EPT,EPT-32,llevar,Intensional,Intensional subjunctive,Subjunctive,1,1,1,1,NA,SUBJ,418316,301022,13841181,173259.9,1.542753636,0.7606550639532595,1.765593273375958,4,1.2631241686646089,0.8304363332976559,22,0.33850888843773735,0.42692628445034575,0.2423922400843711,17,0.46471565660364567,NA,0.2423922400843726
SDB16,SDB,NA,NA,26,20,2,2,SDB,SDB,47,13,4,10,0,2,22,EPT,EPT-34,bajar,Polarity,Polarity subjunctive,Subjunctive,1,1,NA,1,NA,SUBJ,284649,62583,1981927,NA,NA,0.19451445650998764,-0.5014539098054219,4,-0.15346972664771713,0.8304363332976559,22,0.33850888843773735,0.42692628445034575,0.2423922400843711,17,0.46471565660364567,NA,0.2423922400843726
SDB16,SDB,NA,NA,26,20,2,2,SDB,SDB,47,13,4,10,0,2,22,EPT,EPT-38,amar,Intensional,Intensional subjunctive,Subjunctive,1,1,1,1,NA,SUBJ,60260,28864,1318934,-67512.13,-0.601146551,-0.7558751292784892,-0.8220498021287957,4,-0.7889624657036425,0.8304363332976559,22,0.33850888843773735,0.42692628445034575,0.2423922400843711,17,0.46471565660364567,NA,0.2423922400843726
SDB16,SDB,NA,NA,26,20,2,2,SDB,SDB,47,13,4,10,0,2,22,EPT,EPT-42,cuidar,Intensional,Intensional subjunctive,Subjunctive,1,1,1,1,NA,SUBJ,208160,26928,1534607,-100844.1,-0.897943857,-0.12945128613949522,-0.8404570398149089,4,-0.48495416297720206,0.8304363332976559,22,0.33850888843773735,0.42692628445034575,0.2423922400843711,17,0.46471565660364567,NA,0.2423922400843726
SDB16,SDB,NA,NA,26,20,2,2,SDB,SDB,47,13,4,10,0,2,22,EPT,EPT-44,entrar,Polarity,Polarity subjunctive,Subjunctive,0,0,NA,1,NA,FUTURE,207551,129316,4429528,NA,NA,-0.13203067843477342,0.1330348259938518,4,5.020737795391889e-4,0.8304363332976559,22,0.33850888843773735,0.42692628445034575,0.2423922400843711,17,0.46471565660364567,NA,0.2423922400843726
SDB17,SDB,NA,NA,53,14,5,2,SDB,SDB,48,14,4,32,0,2,31,EPT,EPT-02,llamar,Intensional,Intensional subjunctive,Subjunctive,1,1,1,1,NA,SUBJ,303936,207733,8248273,79960.88,0.711993649,0.2762036834377887,0.8786135231177882,22,0.5774086032777884,-0.2124372015412614,19,-0.1555311109038283,0.9392378257907592,0.2423922400843711,18,0.9875207702827469,NA,0.2423922400843726
SDB17,SDB,NA,NA,53,14,5,2,SDB,SDB,48,14,4,32,0,2,31,EPT,EPT-08,peinar,Intensional,Intensional subjunctive,Subjunctive,1,1,1,1,NA,SUBJ,6151,3173,91504,-124599.1,-1.109464919,-0.9850513816679946,-1.0663165084273158,22,-1.0256839450476551,-0.2124372015412614,19,-0.1555311109038283,0.9392378257907592,0.2423922400843711,18,0.9875207702827469,NA,0.2423922400843726
SDB17,SDB,NA,NA,53,14,5,2,SDB,SDB,48,14,4,32,0,2,31,EPT,EPT-10,nadar,Polarity,Polarity subjunctive,Subjunctive,1,NA,NA,1,NA,SUBJ MODAL,27224,5128,182321,NA,NA,-0.8957976315228422,-1.0477286211977954,22,-0.9717631263603188,-0.2124372015412614,19,-0.1555311109038283,0.9392378257907592,0.2423922400843711,18,0.9875207702827469,NA,0.2423922400843726
SDB17,SDB,NA,NA,53,14,5,2,SDB,SDB,48,14,4,32,0,2,31,EPT,EPT-14,pintar,Intensional,Intensional subjunctive,Subjunctive,1,1,1,1,NA,SUBJ,45606,22466,893704,-105306.1,-0.937674734,-0.8179414916676632,-0.8828811589034613,22,-0.8504113252855623,-0.2124372015412614,19,-0.1555311109038283,0.9392378257907592,0.2423922400843711,18,0.9875207702827469,NA,0.2423922400843726
SDB17,SDB,NA,NA,53,14,5,2,SDB,SDB,48,14,4,32,0,2,31,EPT,EPT-20,tratar,Intensional,Intensional subjunctive,Subjunctive,1,1,1,1,NA,SUBJ,590952,203027,9516595,75254.88,0.670090129,1.4918471301070348,0.8338694835770605,22,1.1628583068420477,-0.2124372015412614,19,-0.1555311109038283,0.9392378257907592,0.2423922400843711,18,0.9875207702827469,NA,0.2423922400843726
SDB17,SDB,NA,NA,53,14,5,2,SDB,SDB,48,14,4,32,0,2,31,EPT,EPT-22,hablar,Polarity,Polarity subjunctive,Subjunctive,0,NA,NA,1,NA,PER FUT,464270,255835,8432028,NA,NA,0.9552911781358784,1.3359611198003392,22,1.1456261489681088,-0.2124372015412614,19,-0.1555311109038283,0.9392378257907592,0.2423922400843711,18,0.9875207702827469,NA,0.2423922400843726
SDB17,SDB,NA,NA,53,14,5,2,SDB,SDB,48,14,4,32,0,2,31,EPT,EPT-26,mirar,Intensional,Intensional subjunctive,Subjunctive,1,1,1,1,NA,SUBJ,186441,197558,3683993,69785.88,0.621392647,-0.22144114042709367,0.7818709386879318,22,0.2802148991304191,-0.2124372015412614,19,-0.1555311109038283,0.9392378257907592,0.2423922400843711,18,0.9875207702827469,NA,0.2423922400843726
SDB17,SDB,NA,NA,53,14,5,2,SDB,SDB,48,14,4,32,0,2,31,EPT,EPT-32,llevar,Intensional,Intensional subjunctive,Subjunctive,1,1,1,1,NA,SUBJ,418316,301022,13841181,173259.9,1.542753636,0.7606550639532595,1.765593273375958,22,1.2631241686646089,-0.2124372015412614,19,-0.1555311109038283,0.9392378257907592,0.2423922400843711,18,0.9875207702827469,NA,0.2423922400843726
SDB17,SDB,NA,NA,53,14,5,2,SDB,SDB,48,14,4,32,0,2,31,EPT,EPT-34,bajar,Polarity,Polarity subjunctive,Subjunctive,0,NA,NA,1,NA,PER FUT,284649,62583,1981927,NA,NA,0.19451445650998764,-0.5014539098054219,22,-0.15346972664771713,-0.2124372015412614,19,-0.1555311109038283,0.9392378257907592,0.2423922400843711,18,0.9875207702827469,NA,0.2423922400843726
SDB17,SDB,NA,NA,53,14,5,2,SDB,SDB,48,14,4,32,0,2,31,EPT,EPT-38,amar,Intensional,Intensional subjunctive,Subjunctive,1,1,1,1,NA,SUBJ,60260,28864,1318934,-67512.13,-0.601146551,-0.7558751292784892,-0.8220498021287957,22,-0.7889624657036425,-0.2124372015412614,19,-0.1555311109038283,0.9392378257907592,0.2423922400843711,18,0.9875207702827469,NA,0.2423922400843726
SDB17,SDB,NA,NA,53,14,5,2,SDB,SDB,48,14,4,32,0,2,31,EPT,EPT-42,cuidar,Intensional,Intensional subjunctive,Subjunctive,1,1,1,1,NA,SUBJ,208160,26928,1534607,-100844.1,-0.897943857,-0.12945128613949522,-0.8404570398149089,22,-0.48495416297720206,-0.2124372015412614,19,-0.1555311109038283,0.9392378257907592,0.2423922400843711,18,0.9875207702827469,NA,0.2423922400843726
SDB17,SDB,NA,NA,53,14,5,2,SDB,SDB,48,14,4,32,0,2,31,EPT,EPT-44,entrar,Polarity,Polarity subjunctive,Subjunctive,0,NA,NA,1,NA,PER FUT,207551,129316,4429528,NA,NA,-0.13203067843477342,0.1330348259938518,22,5.020737795391889e-4,-0.2124372015412614,19,-0.1555311109038283,0.9392378257907592,0.2423922400843711,18,0.9875207702827469,NA,0.2423922400843726
SDB18,SDB,NA,NA,45,19,3,2,SDB,SDB,NA,14,3,12,0,2,12,EPT,EPT-02,llamar,Intensional,Intensional subjunctive,Subjunctive,1,1,1,1,NA,SUBJ,303936,207733,8248273,79960.88,0.711993649,0.2762036834377887,0.8786135231177882,33,0.5774086032777884,0.6566240774911696,22,0.33850888843773735,0.9392378257907592,-4.120668081434394,17,0.46471565660364567,NA,0.2423922400843726
SDB18,SDB,NA,NA,45,19,3,2,SDB,SDB,NA,14,3,12,0,2,12,EPT,EPT-08,peinar,Intensional,Intensional subjunctive,Subjunctive,1,NA,1,1,NA,SUBJ,6151,3173,91504,-124599.1,-1.109464919,-0.9850513816679946,-1.0663165084273158,33,-1.0256839450476551,0.6566240774911696,22,0.33850888843773735,0.9392378257907592,-4.120668081434394,17,0.46471565660364567,NA,0.2423922400843726
SDB18,SDB,NA,NA,45,19,3,2,SDB,SDB,NA,14,3,12,0,2,12,EPT,EPT-10,nadar,Polarity,Polarity subjunctive,Subjunctive,1,NA,NA,1,NA,SUBJ,27224,5128,182321,NA,NA,-0.8957976315228422,-1.0477286211977954,33,-0.9717631263603188,0.6566240774911696,22,0.33850888843773735,0.9392378257907592,-4.120668081434394,17,0.46471565660364567,NA,0.2423922400843726
SDB18,SDB,NA,NA,45,19,3,2,SDB,SDB,NA,14,3,12,0,2,12,EPT,EPT-14,pintar,Intensional,Intensional subjunctive,Subjunctive,1,1,1,1,NA,SUBJ,45606,22466,893704,-105306.1,-0.937674734,-0.8179414916676632,-0.8828811589034613,33,-0.8504113252855623,0.6566240774911696,22,0.33850888843773735,0.9392378257907592,-4.120668081434394,17,0.46471565660364567,NA,0.2423922400843726
SDB18,SDB,NA,NA,45,19,3,2,SDB,SDB,NA,14,3,12,0,2,12,EPT,EPT-20,tratar,Intensional,Intensional subjunctive,Subjunctive,1,1,1,1,NA,SUBJ,590952,203027,9516595,75254.88,0.670090129,1.4918471301070348,0.8338694835770605,33,1.1628583068420477,0.6566240774911696,22,0.33850888843773735,0.9392378257907592,-4.120668081434394,17,0.46471565660364567,NA,0.2423922400843726
SDB18,SDB,NA,NA,45,19,3,2,SDB,SDB,NA,14,3,12,0,2,12,EPT,EPT-22,hablar,Polarity,Polarity subjunctive,Subjunctive,0,0,NA,1,NA,IND,464270,255835,8432028,NA,NA,0.9552911781358784,1.3359611198003392,33,1.1456261489681088,0.6566240774911696,22,0.33850888843773735,0.9392378257907592,-4.120668081434394,17,0.46471565660364567,NA,0.2423922400843726
SDB18,SDB,NA,NA,45,19,3,2,SDB,SDB,NA,14,3,12,0,2,12,EPT,EPT-26,mirar,Intensional,Intensional subjunctive,Subjunctive,1,1,1,1,NA,SUBJ,186441,197558,3683993,69785.88,0.621392647,-0.22144114042709367,0.7818709386879318,33,0.2802148991304191,0.6566240774911696,22,0.33850888843773735,0.9392378257907592,-4.120668081434394,17,0.46471565660364567,NA,0.2423922400843726
SDB18,SDB,NA,NA,45,19,3,2,SDB,SDB,NA,14,3,12,0,2,12,EPT,EPT-32,llevar,Intensional,Intensional subjunctive,Subjunctive,1,1,1,1,NA,SUBJ,418316,301022,13841181,173259.9,1.542753636,0.7606550639532595,1.765593273375958,33,1.2631241686646089,0.6566240774911696,22,0.33850888843773735,0.9392378257907592,-4.120668081434394,17,0.46471565660364567,NA,0.2423922400843726
SDB18,SDB,NA,NA,45,19,3,2,SDB,SDB,NA,14,3,12,0,2,12,EPT,EPT-34,bajar,Polarity,Polarity subjunctive,Subjunctive,NA,NA,NA,1,NA,NA,284649,62583,1981927,NA,NA,0.19451445650998764,-0.5014539098054219,33,-0.15346972664771713,0.6566240774911696,22,0.33850888843773735,0.9392378257907592,-4.120668081434394,17,0.46471565660364567,NA,0.2423922400843726
SDB18,SDB,NA,NA,45,19,3,2,SDB,SDB,NA,14,3,12,0,2,12,EPT,EPT-38,amar,Intensional,Intensional subjunctive,Subjunctive,1,1,1,1,NA,SUBJ,60260,28864,1318934,-67512.13,-0.601146551,-0.7558751292784892,-0.8220498021287957,33,-0.7889624657036425,0.6566240774911696,22,0.33850888843773735,0.9392378257907592,-4.120668081434394,17,0.46471565660364567,NA,0.2423922400843726
SDB18,SDB,NA,NA,45,19,3,2,SDB,SDB,NA,14,3,12,0,2,12,EPT,EPT-42,cuidar,Intensional,Intensional subjunctive,Subjunctive,1,1,1,1,NA,SUBJ,208160,26928,1534607,-100844.1,-0.897943857,-0.12945128613949522,-0.8404570398149089,33,-0.48495416297720206,0.6566240774911696,22,0.33850888843773735,0.9392378257907592,-4.120668081434394,17,0.46471565660364567,NA,0.2423922400843726
SDB18,SDB,NA,NA,45,19,3,2,SDB,SDB,NA,14,3,12,0,2,12,EPT,EPT-44,entrar,Polarity,Polarity subjunctive,Subjunctive,0,0,NA,1,NA,IND,207551,129316,4429528,NA,NA,-0.13203067843477342,0.1330348259938518,33,5.020737795391889e-4,0.6566240774911696,22,0.33850888843773735,0.9392378257907592,-4.120668081434394,17,0.46471565660364567,NA,0.2423922400843726
SDB19,SDB,NA,NA,30,22,4,2,SDB,SDB,49,10,4,16,0,2,26,EPT,EPT-02,llamar,Intensional,Intensional subjunctive,Subjunctive,1,1,1,1,NA,SUBJ,303936,207733,8248273,79960.88,0.711993649,0.2762036834377887,0.8786135231177882,4,0.5774086032777884,1.1780608449106282,26,0.9972288875598249,-1.1100083395708946,0.2423922400843711,14,-1.1036996844336577,NA,0.2423922400843726
SDB19,SDB,NA,NA,30,22,4,2,SDB,SDB,49,10,4,16,0,2,26,EPT,EPT-08,peinar,Intensional,Intensional subjunctive,Subjunctive,NA,NA,NA,NA,NA,NA,6151,3173,91504,-124599.1,-1.109464919,-0.9850513816679946,-1.0663165084273158,4,-1.0256839450476551,1.1780608449106282,26,0.9972288875598249,-1.1100083395708946,0.2423922400843711,14,-1.1036996844336577,NA,0.2423922400843726
SDB19,SDB,NA,NA,30,22,4,2,SDB,SDB,49,10,4,16,0,2,26,EPT,EPT-10,nadar,Polarity,Polarity subjunctive,Subjunctive,NA,NA,NA,NA,NA,NA,27224,5128,182321,NA,NA,-0.8957976315228422,-1.0477286211977954,4,-0.9717631263603188,1.1780608449106282,26,0.9972288875598249,-1.1100083395708946,0.2423922400843711,14,-1.1036996844336577,NA,0.2423922400843726
SDB19,SDB,NA,NA,30,22,4,2,SDB,SDB,49,10,4,16,0,2,26,EPT,EPT-14,pintar,Intensional,Intensional subjunctive,Subjunctive,1,1,1,1,NA,SUBJ,45606,22466,893704,-105306.1,-0.937674734,-0.8179414916676632,-0.8828811589034613,4,-0.8504113252855623,1.1780608449106282,26,0.9972288875598249,-1.1100083395708946,0.2423922400843711,14,-1.1036996844336577,NA,0.2423922400843726
SDB19,SDB,NA,NA,30,22,4,2,SDB,SDB,49,10,4,16,0,2,26,EPT,EPT-20,tratar,Intensional,Intensional subjunctive,Subjunctive,1,1,1,1,NA,SUBJ,590952,203027,9516595,75254.88,0.670090129,1.4918471301070348,0.8338694835770605,4,1.1628583068420477,1.1780608449106282,26,0.9972288875598249,-1.1100083395708946,0.2423922400843711,14,-1.1036996844336577,NA,0.2423922400843726
SDB19,SDB,NA,NA,30,22,4,2,SDB,SDB,49,10,4,16,0,2,26,EPT,EPT-22,hablar,Polarity,Polarity subjunctive,Subjunctive,0,0,NA,1,NA,IND,464270,255835,8432028,NA,NA,0.9552911781358784,1.3359611198003392,4,1.1456261489681088,1.1780608449106282,26,0.9972288875598249,-1.1100083395708946,0.2423922400843711,14,-1.1036996844336577,NA,0.2423922400843726
SDB19,SDB,NA,NA,30,22,4,2,SDB,SDB,49,10,4,16,0,2,26,EPT,EPT-26,mirar,Intensional,Intensional subjunctive,Subjunctive,1,1,1,1,NA,SUBJ,186441,197558,3683993,69785.88,0.621392647,-0.22144114042709367,0.7818709386879318,4,0.2802148991304191,1.1780608449106282,26,0.9972288875598249,-1.1100083395708946,0.2423922400843711,14,-1.1036996844336577,NA,0.2423922400843726
SDB19,SDB,NA,NA,30,22,4,2,SDB,SDB,49,10,4,16,0,2,26,EPT,EPT-32,llevar,Intensional,Intensional subjunctive,Subjunctive,1,1,1,1,NA,SUBJ,418316,301022,13841181,173259.9,1.542753636,0.7606550639532595,1.765593273375958,4,1.2631241686646089,1.1780608449106282,26,0.9972288875598249,-1.1100083395708946,0.2423922400843711,14,-1.1036996844336577,NA,0.2423922400843726
SDB19,SDB,NA,NA,30,22,4,2,SDB,SDB,49,10,4,16,0,2,26,EPT,EPT-34,bajar,Polarity,Polarity subjunctive,Subjunctive,0,0,NA,1,NA,IND,284649,62583,1981927,NA,NA,0.19451445650998764,-0.5014539098054219,4,-0.15346972664771713,1.1780608449106282,26,0.9972288875598249,-1.1100083395708946,0.2423922400843711,14,-1.1036996844336577,NA,0.2423922400843726
SDB19,SDB,NA,NA,30,22,4,2,SDB,SDB,49,10,4,16,0,2,26,EPT,EPT-38,amar,Intensional,Intensional subjunctive,Subjunctive,1,1,1,1,NA,SUBJ,60260,28864,1318934,-67512.13,-0.601146551,-0.7558751292784892,-0.8220498021287957,4,-0.7889624657036425,1.1780608449106282,26,0.9972288875598249,-1.1100083395708946,0.2423922400843711,14,-1.1036996844336577,NA,0.2423922400843726
SDB19,SDB,NA,NA,30,22,4,2,SDB,SDB,49,10,4,16,0,2,26,EPT,EPT-42,cuidar,Intensional,Intensional subjunctive,Subjunctive,1,1,1,1,NA,SUBJ,208160,26928,1534607,-100844.1,-0.897943857,-0.12945128613949522,-0.8404570398149089,4,-0.48495416297720206,1.1780608449106282,26,0.9972288875598249,-1.1100083395708946,0.2423922400843711,14,-1.1036996844336577,NA,0.2423922400843726
SDB19,SDB,NA,NA,30,22,4,2,SDB,SDB,49,10,4,16,0,2,26,EPT,EPT-44,entrar,Polarity,Polarity subjunctive,Subjunctive,0,0,NA,1,NA,IND,207551,129316,4429528,NA,NA,-0.13203067843477342,0.1330348259938518,4,5.020737795391889e-4,1.1780608449106282,26,0.9972288875598249,-1.1100083395708946,0.2423922400843711,14,-1.1036996844336577,NA,0.2423922400843726
SDB20,SDB,NA,NA,27,16,1,1,SDB,SDB,46,7,4,15,0,2,26,EPT,EPT-02,llamar,Intensional,Intensional subjunctive,Subjunctive,1,1,1,1,NA,SUBJ,303936,207733,8248273,79960.88,0.711993649,0.2762036834377887,0.8786135231177882,1,0.5774086032777884,0.135187310071711,17,-0.48489111046487204,-2.6469429635921347,0.2423922400843711,11,-2.672115025470961,NA,-4.120668081434402
SDB20,SDB,NA,NA,27,16,1,1,SDB,SDB,46,7,4,15,0,2,26,EPT,EPT-08,peinar,Intensional,Intensional subjunctive,Subjunctive,1,1,1,1,NA,SUBJ,6151,3173,91504,-124599.1,-1.109464919,-0.9850513816679946,-1.0663165084273158,1,-1.0256839450476551,0.135187310071711,17,-0.48489111046487204,-2.6469429635921347,0.2423922400843711,11,-2.672115025470961,NA,-4.120668081434402
SDB20,SDB,NA,NA,27,16,1,1,SDB,SDB,46,7,4,15,0,2,26,EPT,EPT-10,nadar,Polarity,Polarity subjunctive,Subjunctive,0,0,NA,1,NA,IND,27224,5128,182321,NA,NA,-0.8957976315228422,-1.0477286211977954,1,-0.9717631263603188,0.135187310071711,17,-0.48489111046487204,-2.6469429635921347,0.2423922400843711,11,-2.672115025470961,NA,-4.120668081434402
SDB20,SDB,NA,NA,27,16,1,1,SDB,SDB,46,7,4,15,0,2,26,EPT,EPT-14,pintar,Intensional,Intensional subjunctive,Subjunctive,1,1,1,1,NA,SUBJ,45606,22466,893704,-105306.1,-0.937674734,-0.8179414916676632,-0.8828811589034613,1,-0.8504113252855623,0.135187310071711,17,-0.48489111046487204,-2.6469429635921347,0.2423922400843711,11,-2.672115025470961,NA,-4.120668081434402
SDB20,SDB,NA,NA,27,16,1,1,SDB,SDB,46,7,4,15,0,2,26,EPT,EPT-20,tratar,Intensional,Intensional subjunctive,Subjunctive,1,1,1,1,NA,SUBJ,590952,203027,9516595,75254.88,0.670090129,1.4918471301070348,0.8338694835770605,1,1.1628583068420477,0.135187310071711,17,-0.48489111046487204,-2.6469429635921347,0.2423922400843711,11,-2.672115025470961,NA,-4.120668081434402
SDB20,SDB,NA,NA,27,16,1,1,SDB,SDB,46,7,4,15,0,2,26,EPT,EPT-22,hablar,Polarity,Polarity subjunctive,Subjunctive,0,0,NA,1,NA,IND,464270,255835,8432028,NA,NA,0.9552911781358784,1.3359611198003392,1,1.1456261489681088,0.135187310071711,17,-0.48489111046487204,-2.6469429635921347,0.2423922400843711,11,-2.672115025470961,NA,-4.120668081434402
SDB20,SDB,NA,NA,27,16,1,1,SDB,SDB,46,7,4,15,0,2,26,EPT,EPT-26,mirar,Intensional,Intensional subjunctive,Subjunctive,1,1,1,1,NA,SUBJ,186441,197558,3683993,69785.88,0.621392647,-0.22144114042709367,0.7818709386879318,1,0.2802148991304191,0.135187310071711,17,-0.48489111046487204,-2.6469429635921347,0.2423922400843711,11,-2.672115025470961,NA,-4.120668081434402
SDB20,SDB,NA,NA,27,16,1,1,SDB,SDB,46,7,4,15,0,2,26,EPT,EPT-32,llevar,Intensional,Intensional subjunctive,Subjunctive,1,1,1,1,NA,SUBJ,418316,301022,13841181,173259.9,1.542753636,0.7606550639532595,1.765593273375958,1,1.2631241686646089,0.135187310071711,17,-0.48489111046487204,-2.6469429635921347,0.2423922400843711,11,-2.672115025470961,NA,-4.120668081434402
SDB20,SDB,NA,NA,27,16,1,1,SDB,SDB,46,7,4,15,0,2,26,EPT,EPT-34,bajar,Polarity,Polarity subjunctive,Subjunctive,1,1,NA,1,NA,SUBJ,284649,62583,1981927,NA,NA,0.19451445650998764,-0.5014539098054219,1,-0.15346972664771713,0.135187310071711,17,-0.48489111046487204,-2.6469429635921347,0.2423922400843711,11,-2.672115025470961,NA,-4.120668081434402
SDB20,SDB,NA,NA,27,16,1,1,SDB,SDB,46,7,4,15,0,2,26,EPT,EPT-38,amar,Intensional,Intensional subjunctive,Subjunctive,1,1,1,1,NA,SUBJ,60260,28864,1318934,-67512.13,-0.601146551,-0.7558751292784892,-0.8220498021287957,1,-0.7889624657036425,0.135187310071711,17,-0.48489111046487204,-2.6469429635921347,0.2423922400843711,11,-2.672115025470961,NA,-4.120668081434402
SDB20,SDB,NA,NA,27,16,1,1,SDB,SDB,46,7,4,15,0,2,26,EPT,EPT-42,cuidar,Intensional,Intensional subjunctive,Subjunctive,1,1,1,1,NA,SUBJ,208160,26928,1534607,-100844.1,-0.897943857,-0.12945128613949522,-0.8404570398149089,1,-0.48495416297720206,0.135187310071711,17,-0.48489111046487204,-2.6469429635921347,0.2423922400843711,11,-2.672115025470961,NA,-4.120668081434402
SDB20,SDB,NA,NA,27,16,1,1,SDB,SDB,46,7,4,15,0,2,26,EPT,EPT-44,entrar,Polarity,Polarity subjunctive,Subjunctive,0,0,NA,1,NA,IND,207551,129316,4429528,NA,NA,-0.13203067843477342,0.1330348259938518,1,5.020737795391889e-4,0.135187310071711,17,-0.48489111046487204,-2.6469429635921347,0.2423922400843711,11,-2.672115025470961,NA,-4.120668081434402
